Workbook

Sheet Round1
A2: Round 1 - Tournament Standings
B3: TOURNAMENT STANDINGS
A6: RANK | B6: PLAYER | C6: SCORE | D6: POINTS
A7: ='RND 1 STBL'!AD14 -> 1 | B7: ='RND 1 STBL'!AE14 -> STONES | C7: ='RND 1 STBL'!AF14 -> 49 | D7: ='RND 1 STBL'!AG14 -> 24
A8: ='RND 1 STBL'!AD15 -> 2 | B8: ='RND 1 STBL'!AE15 -> BELLIS | C8: ='RND 1 STBL'!AF15 -> 36 | D8: ='RND 1 STBL'!AG15 -> 21
A9: ='RND 1 STBL'!AD16 -> 3 | B9: ='RND 1 STBL'!AE16 -> REILLY | C9: ='RND 1 STBL'!AF16 -> 25 | D9: ='RND 1 STBL'!AG16 -> 18
A10: ='RND 1 STBL'!AD17 -> 4 | B10: ='RND 1 STBL'!AE17 -> FINDLAY | C10: ='RND 1 STBL'!AF17 -> 24 | D10: ='RND 1 STBL'!AG17 -> 15
A11: ='RND 1 STBL'!AD18 -> 5 | B11: ='RND 1 STBL'!AE18 -> HOLLANDS | C11: ='RND 1 STBL'!AF18 -> 18 | D11: ='RND 1 STBL'!AG18 -> 12
A12: ='RND 1 STBL'!AD19 -> 6 | B12: ='RND 1 STBL'!AE19 -> DEY | C12: ='RND 1 STBL'!AF19 -> 17 | D12: ='RND 1 STBL'!AG19 -> 7.5
A13: ='RND 1 STBL'!AD20 -> 7 | B13: ='RND 1 STBL'!AE20 -> DONOVAN | C13: ='RND 1 STBL'!AF20 -> 17 | D13: ='RND 1 STBL'!AG20 -> 7.5
A14: ='RND 1 STBL'!AD21 -> 8 | B14: ='RND 1 STBL'!AE21 -> LAING | C14: ='RND 1 STBL'!AF21 -> 16 | D14: ='RND 1 STBL'!AG21 -> 3
A21: Round 1 - Strokes
A22: PLAYERS | B22: HCP | D22: HOLE | E22: 1 | F22: 2 | G22: 3 | H22: 4 | I22: 5 | J22: 6 | K22: 7 | L22: 8 | M22: 9 | N22: 10 | O22: 11 | P22: 12 | Q22: 13 | R22: 14 | S22: 15 | T22: 16 | U22: 17 | V22: 18 | W22: TOTAL
D23: PAR | E23: ='RND 1 STBL'!C5 -> 4 | F23: ='RND 1 STBL'!D5 -> 3 | G23: ='RND 1 STBL'!E5 -> 4 | H23: ='RND 1 STBL'!F5 -> 4 | I23: ='RND 1 STBL'!G5 -> 4 | J23: ='RND 1 STBL'!H5 -> 4 | K23: ='RND 1 STBL'!I5 -> 4 | L23: ='RND 1 STBL'!J5 -> 3 | ... V23: ='RND 1 STBL'!T5 -> 4
D24: S.I | E24: ='RND 1 STBL'!C6 -> 9 | F24: ='RND 1 STBL'!D6 -> 13 | G24: ='RND 1 STBL'!E6 -> 5 | H24: ='RND 1 STBL'!F6 -> 1 | I24: ='RND 1 STBL'!G6 -> 11 | J24: ='RND 1 STBL'!H6 -> 15 | K24: ='RND 1 STBL'!I6 -> 7 | L24: ='RND 1 STBL'!J6 -> 17 | ... V24: ='RND 1 STBL'!T6 -> 2
A26: ='RND 1 STBL'!A7 -> BELLIS | B26: ='RND 1 STBL'!B7 -> 18 | E26: ='RND 1 STBL'!C7 -> 5 | F26: ='RND 1 STBL'!D7 -> 5 | G26: ='RND 1 STBL'!E7 -> 5 | H26: ='RND 1 STBL'!F7 -> 5 | I26: ='RND 1 STBL'!G7 -> 5 | J26: ='RND 1 STBL'!H7 -> 5 | K26: ='RND 1 STBL'!I7 -> 5 | L26: ='RND 1 STBL'!J7 -> 5 | ... W26: ='RND 1 STBL'!U7 -> 90
A27: ='RND 1 STBL'!A8 -> DEY | B27: ='RND 1 STBL'!B8 -> 18 | E27: ='RND 1 STBL'!C8 -> 5 | F27: ='RND 1 STBL'!D8 -> 9 | G27: ='RND 1 STBL'!E8 -> 6 | H27: ='RND 1 STBL'!F8 -> 9 | I27: ='RND 1 STBL'!G8 -> 6 | J27: ='RND 1 STBL'!H8 -> 9 | K27: ='RND 1 STBL'!I8 -> 6 | L27: ='RND 1 STBL'!J8 -> 9 | ... W27: ='RND 1 STBL'!U8 -> 59
A28: ='RND 1 STBL'!A9 -> DONOVAN | B28: ='RND 1 STBL'!B9 -> 18 | E28: ='RND 1 STBL'!C9 -> 5 | F28: ='RND 1 STBL'!D9 -> 9 | G28: ='RND 1 STBL'!E9 -> 6 | H28: ='RND 1 STBL'!F9 -> 9 | I28: ='RND 1 STBL'!G9 -> 6 | J28: ='RND 1 STBL'!H9 -> 9 | K28: ='RND 1 STBL'!I9 -> 6 | L28: ='RND 1 STBL'!J9 -> 9 | ... W28: ='RND 1 STBL'!U9 -> 59
A29: ='RND 1 STBL'!A10 -> FINDLAY | B29: ='RND 1 STBL'!B10 -> 18 | E29: ='RND 1 STBL'!C10 -> 5 | F29: ='RND 1 STBL'!D10 -> 4 | G29: ='RND 1 STBL'!E10 -> 6 | H29: ='RND 1 STBL'!F10 -> 4 | I29: ='RND 1 STBL'!G10 -> 6 | J29: ='RND 1 STBL'!H10 -> 9 | K29: ='RND 1 STBL'!I10 -> 6 | L29: ='RND 1 STBL'!J10 -> 4 | ... W29: ='RND 1 STBL'!U10 -> 44
A30: ='RND 1 STBL'!A11 -> HOLLANDS | B30: ='RND 1 STBL'!B11 -> 18 | E30: ='RND 1 STBL'!C11 -> 6 | F30: ='RND 1 STBL'!D11 -> 4 | G30: ='RND 1 STBL'!E11 -> 6 | H30: ='RND 1 STBL'!F11 -> 9 | I30: ='RND 1 STBL'!G11 -> 6 | J30: ='RND 1 STBL'!H11 -> 9 | K30: ='RND 1 STBL'!I11 -> 6 | L30: ='RND 1 STBL'!J11 -> 9 | ... W30: ='RND 1 STBL'!U11 -> 55
A31: ='RND 1 STBL'!A12 -> LAING | B31: ='RND 1 STBL'!B12 -> 18 | E31: ='RND 1 STBL'!C12 -> 6 | F31: ='RND 1 STBL'!D12 -> 9 | G31: ='RND 1 STBL'!E12 -> 6 | H31: ='RND 1 STBL'!F12 -> 9 | I31: ='RND 1 STBL'!G12 -> 6 | J31: ='RND 1 STBL'!H12 -> 9 | K31: ='RND 1 STBL'!I12 -> 6 | L31: ='RND 1 STBL'!J12 -> 9 | ... W31: ='RND 1 STBL'!U12 -> 60
A32: ='RND 1 STBL'!A13 -> REILLY | B32: ='RND 1 STBL'!B13 -> 18 | E32: ='RND 1 STBL'!C13 -> 6 | F32: ='RND 1 STBL'!D13 -> 0 | G32: ='RND 1 STBL'!E13 -> 0 | H32: ='RND 1 STBL'!F13 -> 0 | I32: ='RND 1 STBL'!G13 -> 0 | J32: ='RND 1 STBL'!H13 -> 0 | K32: ='RND 1 STBL'!I13 -> 0 | L32: ='RND 1 STBL'!J13 -> 0 | ... W32: ='RND 1 STBL'!U13 -> 6
A33: ='RND 1 STBL'!A14 -> STONES | B33: ='RND 1 STBL'!B14 -> 18 | E33: ='RND 1 STBL'!C14 -> 6 | F33: ='RND 1 STBL'!D14 -> 4 | G33: ='RND 1 STBL'!E14 -> 4 | H33: ='RND 1 STBL'!F14 -> 7 | I33: ='RND 1 STBL'!G14 -> 4 | J33: ='RND 1 STBL'!H14 -> 4 | K33: ='RND 1 STBL'!I14 -> 4 | L33: ='RND 1 STBL'!J14 -> 4 | ... W33: ='RND 1 STBL'!U14 -> 77
A37: Round 1 - Stableford Points
A38: PLAYERS | B38: HCP | D38: HOLE | E38: 1 | F38: 2 | G38: 3 | H38: 4 | I38: 5 | J38: 6 | K38: 7 | L38: 8 | M38: 9 | N38: 10 | O38: 11 | P38: 12 | Q38: 13 | R38: 14 | S38: 15 | T38: 16 | U38: 17 | V38: 18 | W38: TOTAL
D39: PAR | E39: =E23 -> 4 | F39: =F23 -> 3 | G39: =G23 -> 4 | H39: =H23 -> 4 | I39: =I23 -> 4 | J39: =J23 -> 4 | K39: =K23 -> 4 | L39: =L23 -> 3 | ... V39: =V23 -> 4
D40: S.I | E40: =E24 -> 9 | F40: =F24 -> 13 | G40: =G24 -> 5 | H40: =H24 -> 1 | I40: =I24 -> 11 | J40: =J24 -> 15 | K40: =K24 -> 7 | L40: =L24 -> 17 | ... V40: =V24 -> 2
A42: =A26 -> BELLIS | B42: =B26 -> 18 | E42: ='RND 1 STBL'!C55 -> 2 | F42: ='RND 1 STBL'!D55 -> 1 | G42: ='RND 1 STBL'!E55 -> 2 | H42: ='RND 1 STBL'!F55 -> 2 | I42: ='RND 1 STBL'!G55 -> 2 | J42: ='RND 1 STBL'!H55 -> 2 | K42: ='RND 1 STBL'!I55 -> 2 | L42: ='RND 1 STBL'!J55 -> 1 | ... W42: ='RND 1 STBL'!U55 -> 36
A43: =A27 -> DEY | B43: =B27 -> 18 | E43: ='RND 1 STBL'!C56 -> 2 | F43: ='RND 1 STBL'!D56 -> 0 | G43: ='RND 1 STBL'!E56 -> 1 | H43: ='RND 1 STBL'!F56 -> 0 | I43: ='RND 1 STBL'!G56 -> 1 | J43: ='RND 1 STBL'!H56 -> 0 | K43: ='RND 1 STBL'!I56 -> 1 | L43: ='RND 1 STBL'!J56 -> 0 | ... W43: ='RND 1 STBL'!U56 -> 17
A44: =A28 -> DONOVAN | B44: =B28 -> 18 | E44: ='RND 1 STBL'!C57 -> 2 | F44: ='RND 1 STBL'!D57 -> 0 | G44: ='RND 1 STBL'!E57 -> 1 | H44: ='RND 1 STBL'!F57 -> 0 | I44: ='RND 1 STBL'!G57 -> 1 | J44: ='RND 1 STBL'!H57 -> 0 | K44: ='RND 1 STBL'!I57 -> 1 | L44: ='RND 1 STBL'!J57 -> 0 | ... W44: ='RND 1 STBL'!U57 -> 17
A45: =A29 -> FINDLAY | B45: =B29 -> 18 | E45: ='RND 1 STBL'!C58 -> 2 | F45: ='RND 1 STBL'!D58 -> 2 | G45: ='RND 1 STBL'!E58 -> 1 | H45: ='RND 1 STBL'!F58 -> 3 | I45: ='RND 1 STBL'!G58 -> 1 | J45: ='RND 1 STBL'!H58 -> 0 | K45: ='RND 1 STBL'!I58 -> 1 | L45: ='RND 1 STBL'!J58 -> 2 | ... W45: ='RND 1 STBL'!U58 -> 24
A46: =A30 -> HOLLANDS | B46: =B30 -> 18 | E46: ='RND 1 STBL'!C59 -> 1 | F46: ='RND 1 STBL'!D59 -> 2 | G46: ='RND 1 STBL'!E59 -> 1 | H46: ='RND 1 STBL'!F59 -> 0 | I46: ='RND 1 STBL'!G59 -> 1 | J46: ='RND 1 STBL'!H59 -> 0 | K46: ='RND 1 STBL'!I59 -> 1 | L46: ='RND 1 STBL'!J59 -> 0 | ... W46: ='RND 1 STBL'!U59 -> 18
A47: =A31 -> LAING | B47: =B31 -> 18 | E47: ='RND 1 STBL'!C60 -> 1 | F47: ='RND 1 STBL'!D60 -> 0 | G47: ='RND 1 STBL'!E60 -> 1 | H47: ='RND 1 STBL'!F60 -> 0 | I47: ='RND 1 STBL'!G60 -> 1 | J47: ='RND 1 STBL'!H60 -> 0 | K47: ='RND 1 STBL'!I60 -> 1 | L47: ='RND 1 STBL'!J60 -> 0 | ... W47: ='RND 1 STBL'!U60 -> 16
A48: =A32 -> REILLY | B48: =B32 -> 18 | E48: ='RND 1 STBL'!C61 -> 1 | F48: ='RND 1 STBL'!D61 -> 6 | G48: ='RND 1 STBL'!E61 -> 0 | H48: ='RND 1 STBL'!F61 -> 0 | I48: ='RND 1 STBL'!G61 -> 0 | J48: ='RND 1 STBL'!H61 -> 0 | K48: ='RND 1 STBL'!I61 -> 0 | L48: ='RND 1 STBL'!J61 -> 6 | ... W48: ='RND 1 STBL'!U61 -> 25
A49: =A33 -> STONES | B49: =B33 -> 18 | E49: ='RND 1 STBL'!C62 -> 1 | F49: ='RND 1 STBL'!D62 -> 2 | G49: ='RND 1 STBL'!E62 -> 3 | H49: ='RND 1 STBL'!F62 -> 0 | I49: ='RND 1 STBL'!G62 -> 3 | J49: ='RND 1 STBL'!H62 -> 3 | K49: ='RND 1 STBL'!I62 -> 3 | L49: ='RND 1 STBL'!J62 -> 2 | ... W49: ='RND 1 STBL'!U62 -> 49

Sheet RND 1 STBL
A1: ROUND 1 SCORECARD & POINTS Blue Lakes | Y1: TOURNAMENT RANKER
A4: PLAYERS | B4: HCP | C4: 1 | D4: 2 | E4: 3 | F4: 4 | G4: 5 | H4: 6 | I4: 7 | J4: 8 | K4: 9 | L4: 10 | M4: 11 | N4: 12 | O4: 13 | P4: 14 | Q4: 15 | R4: 16 | S4: 17 | T4: 18 | U4: TOTAL | V4: SCORECARD | Y4: =A7 -> BELLIS | Z4: =U55 -> 36 | AA4: =RANK(Z4,$Z$4:$Z$11,0) -> 2 | AD4: =IF(AA4=1,24,0)+(IF(AA4=2,21,0))+(IF(AA4=3,18,0))+(IF(AA4=4,15,0))+(IF(AA4=5,12,0))+(IF(AA4=6,9,0))+(IF(AA4=7,6,0))+(IF(AA4=8,3,0)) -> 21 | AE4: =COUNTIF($AD$4:$AD$11,AD4) -> 1 | AF4: =SUMIF($AD$4:$AD$11,AD4) -> 21 | AG4: =IF(AE4=3,AF4/3-3,0)+IF(AE4=2,AF4/2-1.5,0)+IF(AE4=1,AF4,0)+IF(AE4=4,AF4/4-4.5,0)+IF(AE4=5,AF4/5-6,0)+IF(AE4=6,AF4/6-7.5,0)+IF(AE4=7,AF4/7-9,0)+IF(AE4=8,AF4/8-10.5,0) -> 21
B5: PAR | C5: 4 | D5: 3 | E5: 4 | F5: 4 | G5: 4 | H5: 4 | I5: 4 | J5: 3 | K5: 5 | L5: 5 | M5: 4 | N5: 3 | O5: 5 | P5: 4 | Q5: 5 | R5: 4 | S5: 3 | T5: 4 | Y5: =A8 -> DEY | Z5: =U56 -> 17 | AA5: =RANK(Z5,$Z$4:$Z$11,0) -> 6 | AD5: =IF(AA5=1,24,0)+(IF(AA5=2,21,0))+(IF(AA5=3,18,0))+(IF(AA5=4,15,0))+(IF(AA5=5,12,0))+(IF(AA5=6,9,0))+(IF(AA5=7,6,0))+(IF(AA5=8,3,0)) -> 9 | AE5: =COUNTIF($AD$4:$AD$11,AD5) -> 2 | AF5: =SUMIF($AD$4:$AD$11,AD5) -> 18 | AG5: =IF(AE5=3,AF5/3-3,0)+IF(AE5=2,AF5/2-1.5,0)+IF(AE5=1,AF5,0)+IF(AE5=4,AF5/4-4.5,0)+IF(AE5=5,AF5/5-6,0)+IF(AE5=6,AF5/6-7.5,0)+IF(AE5=7,AF5/7-9,0)+IF(AE5=8,AF5/8-10.5,0) -> 7.5
B6: S.I | C6: 9 | D6: 13 | E6: 5 | F6: 1 | G6: 11 | H6: 15 | I6: 7 | J6: 17 | K6: 3 | L6: 4 | M6: 14 | N6: 16 | O6: 10 | P6: 6 | Q6: 8 | R6: 12 | S6: 18 | T6: 2 | Y6: =A9 -> DONOVAN | Z6: =U57 -> 17 | AA6: =RANK(Z6,$Z$4:$Z$11,0) -> 6 | AD6: =IF(AA6=1,24,0)+(IF(AA6=2,21,0))+(IF(AA6=3,18,0))+(IF(AA6=4,15,0))+(IF(AA6=5,12,0))+(IF(AA6=6,9,0))+(IF(AA6=7,6,0))+(IF(AA6=8,3,0)) -> 9 | AE6: =COUNTIF($AD$4:$AD$11,AD6) -> 2 | AF6: =SUMIF($AD$4:$AD$11,AD6) -> 18 | AG6: =IF(AE6=3,AF6/3-3,0)+IF(AE6=2,AF6/2-1.5,0)+IF(AE6=1,AF6,0)+IF(AE6=4,AF6/4-4.5,0)+IF(AE6=5,AF6/5-6,0)+IF(AE6=6,AF6/6-7.5,0)+IF(AE6=7,AF6/7-9,0)+IF(AE6=8,AF6/8-10.5,0) -> 7.5
A7: BELLIS | B7: 18 | C7: 5 | D7: 5 | E7: 5 | F7: 5 | G7: 5 | H7: 5 | I7: 5 | J7: 5 | K7: 5 | L7: 5 | M7: 5 | N7: 5 | O7: 5 | P7: 5 | Q7: 5 | R7: 5 | S7: 5 | T7: 5 | U7: =SUM(C7:T7) -> 90 | Y7: =A10 -> FINDLAY | Z7: =U58 -> 24 | AA7: =RANK(Z7,$Z$4:$Z$11,0) -> 4 | AD7: =IF(AA7=1,24,0)+(IF(AA7=2,21,0))+(IF(AA7=3,18,0))+(IF(AA7=4,15,0))+(IF(AA7=5,12,0))+(IF(AA7=6,9,0))+(IF(AA7=7,6,0))+(IF(AA7=8,3,0)) -> 15 | AE7: =COUNTIF($AD$4:$AD$11,AD7) -> 1 | AF7: =SUMIF($AD$4:$AD$11,AD7) -> 15 | AG7: =IF(AE7=3,AF7/3-3,0)+IF(AE7=2,AF7/2-1.5,0)+IF(AE7=1,AF7,0)+IF(AE7=4,AF7/4-4.5,0)+IF(AE7=5,AF7/5-6,0)+IF(AE7=6,AF7/6-7.5,0)+IF(AE7=7,AF7/7-9,0)+IF(AE7=8,AF7/8-10.5,0) -> 15
A8: DEY | B8: 18 | C8: 5 | D8: 9 | E8: 6 | F8: 9 | G8: 6 | H8: 9 | I8: 6 | J8: 9 | K8: 0 | L8: 0 | M8: 0 | N8: 0 | O8: 0 | P8: 0 | Q8: 0 | R8: 0 | S8: 0 | T8: 0 | U8: =SUM(C8:T8) -> 59 | Y8: =A11 -> HOLLANDS | Z8: =U59 -> 18 | AA8: =RANK(Z8,$Z$4:$Z$11,0) -> 5 | AD8: =IF(AA8=1,24,0)+(IF(AA8=2,21,0))+(IF(AA8=3,18,0))+(IF(AA8=4,15,0))+(IF(AA8=5,12,0))+(IF(AA8=6,9,0))+(IF(AA8=7,6,0))+(IF(AA8=8,3,0)) -> 12 | AE8: =COUNTIF($AD$4:$AD$11,AD8) -> 1 | AF8: =SUMIF($AD$4:$AD$11,AD8) -> 12 | AG8: =IF(AE8=3,AF8/3-3,0)+IF(AE8=2,AF8/2-1.5,0)+IF(AE8=1,AF8,0)+IF(AE8=4,AF8/4-4.5,0)+IF(AE8=5,AF8/5-6,0)+IF(AE8=6,AF8/6-7.5,0)+IF(AE8=7,AF8/7-9,0)+IF(AE8=8,AF8/8-10.5,0) -> 12
A9: DONOVAN | B9: 18 | C9: 5 | D9: 9 | E9: 6 | F9: 9 | G9: 6 | H9: 9 | I9: 6 | J9: 9 | K9: 0 | L9: 0 | M9: 0 | N9: 0 | O9: 0 | P9: 0 | Q9: 0 | R9: 0 | S9: 0 | T9: 0 | U9: =SUM(C9:T9) -> 59 | Y9: =A12 -> LAING | Z9: =U60 -> 16 | AA9: =RANK(Z9,$Z$4:$Z$11,0) -> 8 | AD9: =IF(AA9=1,24,0)+(IF(AA9=2,21,0))+(IF(AA9=3,18,0))+(IF(AA9=4,15,0))+(IF(AA9=5,12,0))+(IF(AA9=6,9,0))+(IF(AA9=7,6,0))+(IF(AA9=8,3,0)) -> 3 | AE9: =COUNTIF($AD$4:$AD$11,AD9) -> 1 | AF9: =SUMIF($AD$4:$AD$11,AD9) -> 3 | AG9: =IF(AE9=3,AF9/3-3,0)+IF(AE9=2,AF9/2-1.5,0)+IF(AE9=1,AF9,0)+IF(AE9=4,AF9/4-4.5,0)+IF(AE9=5,AF9/5-6,0)+IF(AE9=6,AF9/6-7.5,0)+IF(AE9=7,AF9/7-9,0)+IF(AE9=8,AF9/8-10.5,0) -> 3
A10: FINDLAY | B10: 18 | C10: 5 | D10: 4 | E10: 6 | F10: 4 | G10: 6 | H10: 9 | I10: 6 | J10: 4 | K10: 0 | L10: 0 | M10: 0 | N10: 0 | O10: 0 | P10: 0 | Q10: 0 | R10: 0 | S10: 0 | T10: 0 | U10: =SUM(C10:T10) -> 44 | Y10: =A13 -> REILLY | Z10: =U61 -> 25 | AA10: =RANK(Z10,$Z$4:$Z$11,0) -> 3 | AD10: =IF(AA10=1,24,0)+(IF(AA10=2,21,0))+(IF(AA10=3,18,0))+(IF(AA10=4,15,0))+(IF(AA10=5,12,0))+(IF(AA10=6,9,0))+(IF(AA10=7,6,0))+(IF(AA10=8,3,0)) -> 18 | AE10: =COUNTIF($AD$4:$AD$11,AD10) -> 1 | AF10: =SUMIF($AD$4:$AD$11,AD10) -> 18 | AG10: =IF(AE10=3,AF10/3-3,0)+IF(AE10=2,AF10/2-1.5,0)+IF(AE10=1,AF10,0)+IF(AE10=4,AF10/4-4.5,0)+IF(AE10=5,AF10/5-6,0)+IF(AE10=6,AF10/6-7.5,0)+IF(AE10=7,AF10/7-9,0)+IF(AE10=8,AF10/8-10.5,0) -> 18
A11: HOLLANDS | B11: 18 | C11: 6 | D11: 4 | E11: 6 | F11: 9 | G11: 6 | H11: 9 | I11: 6 | J11: 9 | K11: 0 | L11: 0 | M11: 0 | N11: 0 | O11: 0 | P11: 0 | Q11: 0 | R11: 0 | S11: 0 | T11: 0 | U11: =SUM(C11:T11) -> 55 | Y11: =A14 -> STONES | Z11: =U62 -> 49 | AA11: =RANK(Z11,$Z$4:$Z$11,0) -> 1 | AD11: =IF(AA11=1,24,0)+(IF(AA11=2,21,0))+(IF(AA11=3,18,0))+(IF(AA11=4,15,0))+(IF(AA11=5,12,0))+(IF(AA11=6,9,0))+(IF(AA11=7,6,0))+(IF(AA11=8,3,0)) -> 24 | AE11: =COUNTIF($AD$4:$AD$11,AD11) -> 1 | AF11: =SUMIF($AD$4:$AD$11,AD11) -> 24 | AG11: =IF(AE11=3,AF11/3-3,0)+IF(AE11=2,AF11/2-1.5,0)+IF(AE11=1,AF11,0)+IF(AE11=4,AF11/4-4.5,0)+IF(AE11=5,AF11/5-6,0)+IF(AE11=6,AF11/6-7.5,0)+IF(AE11=7,AF11/7-9,0)+IF(AE11=8,AF11/8-10.5,0) -> 24
A12: LAING | B12: 18 | C12: 6 | D12: 9 | E12: 6 | F12: 9 | G12: 6 | H12: 9 | I12: 6 | J12: 9 | K12: 0 | L12: 0 | M12: 0 | N12: 0 | O12: 0 | P12: 0 | Q12: 0 | R12: 0 | S12: 0 | T12: 0 | U12: =SUM(C12:T12) -> 60
A13: REILLY | B13: 18 | C13: 6 | D13: 0 | E13: 0 | F13: 0 | G13: 0 | H13: 0 | I13: 0 | J13: 0 | K13: 0 | L13: 0 | M13: 0 | N13: 0 | O13: 0 | P13: 0 | Q13: 0 | R13: 0 | S13: 0 | T13: 0 | U13: =SUM(C13:T13) -> 6
A14: STONES | B14: 18 | C14: 6 | D14: 4 | E14: 4 | F14: 7 | G14: 4 | H14: 4 | I14: 4 | J14: 4 | K14: 4 | L14: 4 | M14: 4 | N14: 4 | O14: 4 | P14: 4 | Q14: 4 | R14: 4 | S14: 4 | T14: 4 | U14: =SUM(C14:T14) -> 77 | Y14: =Y4 -> BELLIS | Z14: =Z4 -> 36 | AA14: =AG4 -> 21 | AB14: =RANK(Z14,$Z$14:$Z$21,0)+COUNTIF($Z$14:Z14,Z14)-1 -> 2 | AD14: 1 | AE14: =INDEX($Y$14:$AB$21,MATCH(AD14,$AB$14:$AB$21,0),1) -> STONES | AF14: =INDEX($Y$14:$AB$21,MATCH(AD14,$AB$14:$AB$21,0),2) -> 49 | AG14: =INDEX($Y$14:$AB$21,MATCH(AD14,$AB$14:$AB$21,0),3) -> 24
Y15: =Y5 -> DEY | Z15: =Z5 -> 17 | AA15: =AG5 -> 7.5 | AB15: =RANK(Z15,$Z$14:$Z$21,0)+COUNTIF($Z$14:Z15,Z15)-1 -> 6 | AD15: 2 | AE15: =INDEX($Y$14:$AB$21,MATCH(AD15,$AB$14:$AB$21,0),1) -> BELLIS | AF15: =INDEX($Y$14:$AB$21,MATCH(AD15,$AB$14:$AB$21,0),2) -> 36 | AG15: =INDEX($Y$14:$AB$21,MATCH(AD15,$AB$14:$AB$21,0),3) -> 21
C16: =C4 -> 1 | D16: =D4 -> 2 | E16: =E4 -> 3 | F16: =F4 -> 4 | G16: =G4 -> 5 | H16: =H4 -> 6 | I16: =I4 -> 7 | J16: =J4 -> 8 | ... T16: =T4 -> 18 | U16: TOTAL | V16: HCP STRKS | Y16: =Y6 -> DONOVAN | Z16: =Z6 -> 17 | AA16: =AG6 -> 7.5 | AB16: =RANK(Z16,$Z$14:$Z$21,0)+COUNTIF($Z$14:Z16,Z16)-1 -> 7 | AD16: 3 | AE16: =INDEX($Y$14:$AB$21,MATCH(AD16,$AB$14:$AB$21,0),1) -> REILLY | AF16: =INDEX($Y$14:$AB$21,MATCH(AD16,$AB$14:$AB$21,0),2) -> 25 | AG16: =INDEX($Y$14:$AB$21,MATCH(AD16,$AB$14:$AB$21,0),3) -> 18
C17: =C5 -> 4 | D17: =D5 -> 3 | E17: =E5 -> 4 | F17: =F5 -> 4 | G17: =G5 -> 4 | H17: =H5 -> 4 | I17: =I5 -> 4 | J17: =J5 -> 3 | ... T17: =T5 -> 4 | Y17: =Y7 -> FINDLAY | Z17: =Z7 -> 24 | AA17: =AG7 -> 15 | AB17: =RANK(Z17,$Z$14:$Z$21,0)+COUNTIF($Z$14:Z17,Z17)-1 -> 4 | AD17: 4 | AE17: =INDEX($Y$14:$AB$21,MATCH(AD17,$AB$14:$AB$21,0),1) -> FINDLAY | AF17: =INDEX($Y$14:$AB$21,MATCH(AD17,$AB$14:$AB$21,0),2) -> 24 | AG17: =INDEX($Y$14:$AB$21,MATCH(AD17,$AB$14:$AB$21,0),3) -> 15
C18: =C6 -> 9 | D18: =D6 -> 13 | E18: =E6 -> 5 | F18: =F6 -> 1 | G18: =G6 -> 11 | H18: =H6 -> 15 | I18: =I6 -> 7 | J18: =J6 -> 17 | ... T18: =T6 -> 2 | Y18: =Y8 -> HOLLANDS | Z18: =Z8 -> 18 | AA18: =AG8 -> 12 | AB18: =RANK(Z18,$Z$14:$Z$21,0)+COUNTIF($Z$14:Z18,Z18)-1 -> 5 | AD18: 5 | AE18: =INDEX($Y$14:$AB$21,MATCH(AD18,$AB$14:$AB$21,0),1) -> HOLLANDS | AF18: =INDEX($Y$14:$AB$21,MATCH(AD18,$AB$14:$AB$21,0),2) -> 18 | AG18: =INDEX($Y$14:$AB$21,MATCH(AD18,$AB$14:$AB$21,0),3) -> 12
A19: =A7 -> BELLIS | B19: =B7 -> 18 | C19: =IF($B$19>=C18,"●","")&(IF($B$19-18>=C18,"●","")) -> ● | D19: =IF($B$19>=D18,"●","")&(IF($B$19-18>=D18,"●","")) -> ● | E19: =IF($B$19>=E18,"●","")&(IF($B$19-18>=E18,"●","")) -> ● | F19: =IF($B$19>=F18,"●","")&(IF($B$19-18>=F18,"●","")) -> ● | G19: =IF($B$19>=G18,"●","")&(IF($B$19-18>=G18,"●","")) -> ● | H19: =IF($B$19>=H18,"●","")&(IF($B$19-18>=H18,"●","")) -> ● | I19: =IF($B$19>=I18,"●","")&(IF($B$19-18>=I18,"●","")) -> ● | J19: =IF($B$19>=J18,"●","")&(IF($B$19-18>=J18,"●","")) -> ● | ... T19: =IF($B$19>=T18,"●","")&(IF($B$19-18>=T18,"●","")) -> ● | Y19: =Y9 -> LAING | Z19: =Z9 -> 16 | AA19: =AG9 -> 3 | AB19: =RANK(Z19,$Z$14:$Z$21,0)+COUNTIF($Z$14:Z19,Z19)-1 -> 8 | AD19: 6 | AE19: =INDEX($Y$14:$AB$21,MATCH(AD19,$AB$14:$AB$21,0),1) -> DEY | AF19: =INDEX($Y$14:$AB$21,MATCH(AD19,$AB$14:$AB$21,0),2) -> 17 | AG19: =INDEX($Y$14:$AB$21,MATCH(AD19,$AB$14:$AB$21,0),3) -> 7.5
A20: =A8 -> DEY | B20: =B8 -> 18 | C20: =IF($B$20>=C18,"●","")&(IF($B$20-18>=C18,"●","")) -> ● | D20: =IF($B$20>=D18,"●","")&(IF($B$20-18>=D18,"●","")) -> ● | E20: =IF($B$20>=E18,"●","")&(IF($B$20-18>=E18,"●","")) -> ● | F20: =IF($B$20>=F18,"●","")&(IF($B$20-18>=F18,"●","")) -> ● | G20: =IF($B$20>=G18,"●","")&(IF($B$20-18>=G18,"●","")) -> ● | H20: =IF($B$20>=H18,"●","")&(IF($B$20-18>=H18,"●","")) -> ● | I20: =IF($B$20>=I18,"●","")&(IF($B$20-18>=I18,"●","")) -> ● | J20: =IF($B$20>=J18,"●","")&(IF($B$20-18>=J18,"●","")) -> ● | ... T20: =IF($B$20>=T18,"●","")&(IF($B$20-18>=T18,"●","")) -> ● | Y20: =Y10 -> REILLY | Z20: =Z10 -> 25 | AA20: =AG10 -> 18 | AB20: =RANK(Z20,$Z$14:$Z$21,0)+COUNTIF($Z$14:Z20,Z20)-1 -> 3 | AD20: 7 | AE20: =INDEX($Y$14:$AB$21,MATCH(AD20,$AB$14:$AB$21,0),1) -> DONOVAN | AF20: =INDEX($Y$14:$AB$21,MATCH(AD20,$AB$14:$AB$21,0),2) -> 17 | AG20: =INDEX($Y$14:$AB$21,MATCH(AD20,$AB$14:$AB$21,0),3) -> 7.5
A21: =A9 -> DONOVAN | B21: =B9 -> 18 | C21: =IF($B$21>=C18,"●","")&(IF($B$21-18>=C18,"●","")) -> ● | D21: =IF($B$21>=D18,"●","")&(IF($B$21-18>=D18,"●","")) -> ● | E21: =IF($B$21>=E18,"●","")&(IF($B$21-18>=E18,"●","")) -> ● | F21: =IF($B$21>=F18,"●","")&(IF($B$21-18>=F18,"●","")) -> ● | G21: =IF($B$21>=G18,"●","")&(IF($B$21-18>=G18,"●","")) -> ● | H21: =IF($B$21>=H18,"●","")&(IF($B$21-18>=H18,"●","")) -> ● | I21: =IF($B$21>=I18,"●","")&(IF($B$21-18>=I18,"●","")) -> ● | J21: =IF($B$21>=J18,"●","")&(IF($B$21-18>=J18,"●","")) -> ● | ... T21: =IF($B$21>=T18,"●","")&(IF($B$21-18>=T18,"●","")) -> ● | Y21: =Y11 -> STONES | Z21: =Z11 -> 49 | AA21: =AG11 -> 24 | AB21: =RANK(Z21,$Z$14:$Z$21,0)+COUNTIF($Z$14:Z21,Z21)-1 -> 1 | AD21: 8 | AE21: =INDEX($Y$14:$AB$21,MATCH(AD21,$AB$14:$AB$21,0),1) -> LAING | AF21: =INDEX($Y$14:$AB$21,MATCH(AD21,$AB$14:$AB$21,0),2) -> 16 | AG21: =INDEX($Y$14:$AB$21,MATCH(AD21,$AB$14:$AB$21,0),3) -> 3
A22: =A10 -> FINDLAY | B22: =B10 -> 18 | C22: =IF($B$22>=C18,"●","")&(IF($B$22-18>=C18,"●","")) -> ● | D22: =IF($B$22>=D18,"●","")&(IF($B$22-18>=D18,"●","")) -> ● | E22: =IF($B$22>=E18,"●","")&(IF($B$22-18>=E18,"●","")) -> ● | F22: =IF($B$22>=F18,"●","")&(IF($B$22-18>=F18,"●","")) -> ● | G22: =IF($B$22>=G18,"●","")&(IF($B$22-18>=G18,"●","")) -> ● | H22: =IF($B$22>=H18,"●","")&(IF($B$22-18>=H18,"●","")) -> ● | I22: =IF($B$22>=I18,"●","")&(IF($B$22-18>=I18,"●","")) -> ● | J22: =IF($B$22>=J18,"●","")&(IF($B$22-18>=J18,"●","")) -> ● | ... T22: =IF($B$22>=T18,"●","")&(IF($B$22-18>=T18,"●","")) -> ●
A23: =A11 -> HOLLANDS | B23: =B11 -> 18 | C23: =IF($B$23>=C18,"●","")&(IF($B$23-18>=C18,"●","")) -> ● | D23: =IF($B$23>=D18,"●","")&(IF($B$23-18>=D18,"●","")) -> ● | E23: =IF($B$23>=E18,"●","")&(IF($B$23-18>=E18,"●","")) -> ● | F23: =IF($B$23>=F18,"●","")&(IF($B$23-18>=F18,"●","")) -> ● | G23: =IF($B$23>=G18,"●","")&(IF($B$23-18>=G18,"●","")) -> ● | H23: =IF($B$23>=H18,"●","")&(IF($B$23-18>=H18,"●","")) -> ● | I23: =IF($B$23>=I18,"●","")&(IF($B$23-18>=I18,"●","")) -> ● | J23: =IF($B$23>=J18,"●","")&(IF($B$23-18>=J18,"●","")) -> ● | ... T23: =IF($B$23>=T18,"●","")&(IF($B$23-18>=T18,"●","")) -> ●
A24: =A12 -> LAING | B24: =B12 -> 18 | C24: =IF($B$24>=C18,"●","")&(IF($B$24-18>=C18,"●","")) -> ● | D24: =IF($B$24>=D18,"●","")&(IF($B$24-18>=D18,"●","")) -> ● | E24: =IF($B$24>=E18,"●","")&(IF($B$24-18>=E18,"●","")) -> ● | F24: =IF($B$24>=F18,"●","")&(IF($B$24-18>=F18,"●","")) -> ● | G24: =IF($B$24>=G18,"●","")&(IF($B$24-18>=G18,"●","")) -> ● | H24: =IF($B$24>=H18,"●","")&(IF($B$24-18>=H18,"●","")) -> ● | I24: =IF($B$24>=I18,"●","")&(IF($B$24-18>=I18,"●","")) -> ● | J24: =IF($B$24>=J18,"●","")&(IF($B$24-18>=J18,"●","")) -> ● | ... T24: =IF($B$24>=T18,"●","")&(IF($B$24-18>=T18,"●","")) -> ●
A25: =A13 -> REILLY | B25: =B13 -> 18 | C25: =IF($B$25>=C18,"●","")&(IF($B$25-18>=C18,"●","")) -> ● | D25: =IF($B$25>=D18,"●","")&(IF($B$25-18>=D18,"●","")) -> ● | E25: =IF($B$25>=E18,"●","")&(IF($B$25-18>=E18,"●","")) -> ● | F25: =IF($B$25>=F18,"●","")&(IF($B$25-18>=F18,"●","")) -> ● | G25: =IF($B$25>=G18,"●","")&(IF($B$25-18>=G18,"●","")) -> ● | H25: =IF($B$25>=H18,"●","")&(IF($B$25-18>=H18,"●","")) -> ● | I25: =IF($B$25>=I18,"●","")&(IF($B$25-18>=I18,"●","")) -> ● | J25: =IF($B$25>=J18,"●","")&(IF($B$25-18>=J18,"●","")) -> ● | ... T25: =IF($B$25>=T18,"●","")&(IF($B$25-18>=T18,"●","")) -> ●
A26: =A14 -> STONES | B26: =B14 -> 18 | C26: =IF($B$26>=C18,"●","")&(IF($B$26-18>=C18,"●","")) -> ● | D26: =IF($B$26>=D18,"●","")&(IF($B$26-18>=D18,"●","")) -> ● | E26: =IF($B$26>=E18,"●","")&(IF($B$26-18>=E18,"●","")) -> ● | F26: =IF($B$26>=F18,"●","")&(IF($B$26-18>=F18,"●","")) -> ● | G26: =IF($B$26>=G18,"●","")&(IF($B$26-18>=G18,"●","")) -> ● | H26: =IF($B$26>=H18,"●","")&(IF($B$26-18>=H18,"●","")) -> ● | I26: =IF($B$26>=I18,"●","")&(IF($B$26-18>=I18,"●","")) -> ● | J26: =IF($B$26>=J18,"●","")&(IF($B$26-18>=J18,"●","")) -> ● | ... T26: =IF($B$26>=T18,"●","")&(IF($B$26-18>=T18,"●","")) -> ●
C28: =C16 -> 1 | D28: =D16 -> 2 | E28: =E16 -> 3 | F28: =F16 -> 4 | G28: =G16 -> 5 | H28: =H16 -> 6 | I28: =I16 -> 7 | J28: =J16 -> 8 | ... T28: =T16 -> 18 | U28: TOTAL | V28: NET SCORE
C29: =C17 -> 4 | D29: =D17 -> 3 | E29: =E17 -> 4 | F29: =F17 -> 4 | G29: =G17 -> 4 | H29: =H17 -> 4 | I29: =I17 -> 4 | J29: =J17 -> 3 | ... T29: =T17 -> 4
C30: =C18 -> 9 | D30: =D18 -> 13 | E30: =E18 -> 5 | F30: =F18 -> 1 | G30: =G18 -> 11 | H30: =H18 -> 15 | I30: =I18 -> 7 | J30: =J18 -> 17 | ... T30: =T18 -> 2
A31: =A19 -> BELLIS | B31: =B19 -> 18 | C31: =C7+IF(C19="●",-1)+IF(C19="●●",-2) -> 4 | D31: =D7+IF(D19="●",-1)+IF(D19="●●",-2) -> 4 | E31: =E7+IF(E19="●",-1)+IF(E19="●●",-2) -> 4 | F31: =F7+IF(F19="●",-1)+IF(F19="●●",-2) -> 4 | G31: =G7+IF(G19="●",-1)+IF(G19="●●",-2) -> 4 | H31: =H7+IF(H19="●",-1)+IF(H19="●●",-2) -> 4 | I31: =I7+IF(I19="●",-1)+IF(I19="●●",-2) -> 4 | J31: =J7+IF(J19="●",-1)+IF(J19="●●",-2) -> 4 | ... T31: =T7+IF(T19="●",-1)+IF(T19="●●",-2) -> 4
A32: =A20 -> DEY | B32: =B20 -> 18 | C32: =C8+IF(C20="●",-1)+IF(C20="●●",-2) -> 4 | D32: =D8+IF(D20="●",-1)+IF(D20="●●",-2) -> 8 | E32: =E8+IF(E20="●",-1)+IF(E20="●●",-2) -> 5 | F32: =F8+IF(F20="●",-1)+IF(F20="●●",-2) -> 8 | G32: =G8+IF(G20="●",-1)+IF(G20="●●",-2) -> 5 | H32: =H8+IF(H20="●",-1)+IF(H20="●●",-2) -> 8 | I32: =I8+IF(I20="●",-1)+IF(I20="●●",-2) -> 5 | J32: =J8+IF(J20="●",-1)+IF(J20="●●",-2) -> 8 | ... T32: =T8+IF(T20="●",-1)+IF(T20="●●",-2) -> -1
A33: =A21 -> DONOVAN | B33: =B21 -> 18 | C33: =C9+IF(C21="●",-1)+IF(C21="●●",-2) -> 4 | D33: =D9+IF(D21="●",-1)+IF(D21="●●",-2) -> 8 | E33: =E9+IF(E21="●",-1)+IF(E21="●●",-2) -> 5 | F33: =F9+IF(F21="●",-1)+IF(F21="●●",-2) -> 8 | G33: =G9+IF(G21="●",-1)+IF(G21="●●",-2) -> 5 | H33: =H9+IF(H21="●",-1)+IF(H21="●●",-2) -> 8 | I33: =I9+IF(I21="●",-1)+IF(I21="●●",-2) -> 5 | J33: =J9+IF(J21="●",-1)+IF(J21="●●",-2) -> 8 | ... T33: =T9+IF(T21="●",-1)+IF(T21="●●",-2) -> -1
A34: =A22 -> FINDLAY | B34: =B22 -> 18 | C34: =C10+IF(C22="●",-1)+IF(C22="●●",-2) -> 4 | D34: =D10+IF(D22="●",-1)+IF(D22="●●",-2) -> 3 | E34: =E10+IF(E22="●",-1)+IF(E22="●●",-2) -> 5 | F34: =F10+IF(F22="●",-1)+IF(F22="●●",-2) -> 3 | G34: =G10+IF(G22="●",-1)+IF(G22="●●",-2) -> 5 | H34: =H10+IF(H22="●",-1)+IF(H22="●●",-2) -> 8 | I34: =I10+IF(I22="●",-1)+IF(I22="●●",-2) -> 5 | J34: =J10+IF(J22="●",-1)+IF(J22="●●",-2) -> 3 | ... T34: =T10+IF(T22="●",-1)+IF(T22="●●",-2) -> -1
A35: =A23 -> HOLLANDS | B35: =B23 -> 18 | C35: =C11+IF(C23="●",-1)+IF(C23="●●",-2) -> 5 | D35: =D11+IF(D23="●",-1)+IF(D23="●●",-2) -> 3 | E35: =E11+IF(E23="●",-1)+IF(E23="●●",-2) -> 5 | F35: =F11+IF(F23="●",-1)+IF(F23="●●",-2) -> 8 | G35: =G11+IF(G23="●",-1)+IF(G23="●●",-2) -> 5 | H35: =H11+IF(H23="●",-1)+IF(H23="●●",-2) -> 8 | I35: =I11+IF(I23="●",-1)+IF(I23="●●",-2) -> 5 | J35: =J11+IF(J23="●",-1)+IF(J23="●●",-2) -> 8 | ... T35: =T11+IF(T23="●",-1)+IF(T23="●●",-2) -> -1
A36: =A24 -> LAING | B36: =B24 -> 18 | C36: =C12+IF(C24="●",-1)+IF(C24="●●",-2) -> 5 | D36: =D12+IF(D24="●",-1)+IF(D24="●●",-2) -> 8 | E36: =E12+IF(E24="●",-1)+IF(E24="●●",-2) -> 5 | F36: =F12+IF(F24="●",-1)+IF(F24="●●",-2) -> 8 | G36: =G12+IF(G24="●",-1)+IF(G24="●●",-2) -> 5 | H36: =H12+IF(H24="●",-1)+IF(H24="●●",-2) -> 8 | I36: =I12+IF(I24="●",-1)+IF(I24="●●",-2) -> 5 | J36: =J12+IF(J24="●",-1)+IF(J24="●●",-2) -> 8 | ... T36: =T12+IF(T24="●",-1)+IF(T24="●●",-2) -> -1
A37: =A25 -> REILLY | B37: =B25 -> 18 | C37: =C13+IF(C25="●",-1)+IF(C25="●●",-2) -> 5 | D37: =D13+IF(D25="●",-1)+IF(D25="●●",-2) -> -1 | E37: =E13+IF(E25="●",-1)+IF(E25="●●",-2) -> -1 | F37: =F13+IF(F25="●",-1)+IF(F25="●●",-2) -> -1 | G37: =G13+IF(G25="●",-1)+IF(G25="●●",-2) -> -1 | H37: =H13+IF(H25="●",-1)+IF(H25="●●",-2) -> -1 | I37: =I13+IF(I25="●",-1)+IF(I25="●●",-2) -> -1 | J37: =J13+IF(J25="●",-1)+IF(J25="●●",-2) -> -1 | ... T37: =T13+IF(T25="●",-1)+IF(T25="●●",-2) -> -1
A38: =A26 -> STONES | B38: =B26 -> 18 | C38: =C14+IF(C26="●",-1)+IF(C26="●●",-2) -> 5 | D38: =D14+IF(D26="●",-1)+IF(D26="●●",-2) -> 3 | E38: =E14+IF(E26="●",-1)+IF(E26="●●",-2) -> 3 | F38: =F14+IF(F26="●",-1)+IF(F26="●●",-2) -> 6 | G38: =G14+IF(G26="●",-1)+IF(G26="●●",-2) -> 3 | H38: =H14+IF(H26="●",-1)+IF(H26="●●",-2) -> 3 | I38: =I14+IF(I26="●",-1)+IF(I26="●●",-2) -> 3 | J38: =J14+IF(J26="●",-1)+IF(J26="●●",-2) -> 3 | ... T38: =T14+IF(T26="●",-1)+IF(T26="●●",-2) -> 3
C40: =C28 -> 1 | D40: =D28 -> 2 | E40: =E28 -> 3 | F40: =F28 -> 4 | G40: =G28 -> 5 | H40: =H28 -> 6 | I40: =I28 -> 7 | J40: =J28 -> 8 | ... T40: =T28 -> 18 | U40: TOTAL | V40: STABLEFORD
C41: =C29 -> 4 | D41: =D29 -> 3 | E41: =E29 -> 4 | F41: =F29 -> 4 | G41: =G29 -> 4 | H41: =H29 -> 4 | I41: =I29 -> 4 | J41: =J29 -> 3 | ... T41: =T29 -> 4
C42: =C30 -> 9 | D42: =D30 -> 13 | E42: =E30 -> 5 | F42: =F30 -> 1 | G42: =G30 -> 11 | H42: =H30 -> 15 | I42: =I30 -> 7 | J42: =J30 -> 17 | ... T42: =T30 -> 2
A43: =A31 -> BELLIS | B43: =B7 -> 18 | C43: =C31-C29 -> 0 | D43: =D31-D29 -> 1 | E43: =E31-E29 -> 0 | F43: =F31-F29 -> 0 | G43: =G31-G29 -> 0 | H43: =H31-H29 -> 0 | I43: =I31-I29 -> 0 | J43: =J31-J29 -> 1 | ... T43: =T31-T29 -> 0
A44: =A32 -> DEY | B44: =B8 -> 18 | C44: =C32-C29 -> 0 | D44: =D32-D29 -> 5 | E44: =E32-E29 -> 1 | F44: =F32-F29 -> 4 | G44: =G32-G29 -> 1 | H44: =H32-H29 -> 4 | I44: =I32-I29 -> 1 | J44: =J32-J29 -> 5 | ... T44: =T32-T29 -> -5
A45: =A33 -> DONOVAN | B45: =B9 -> 18 | C45: =C33-C29 -> 0 | D45: =D33-D29 -> 5 | E45: =E33-E29 -> 1 | F45: =F33-F29 -> 4 | G45: =G33-G29 -> 1 | H45: =H33-H29 -> 4 | I45: =I33-I29 -> 1 | J45: =J33-J29 -> 5 | ... T45: =T33-T29 -> -5
A46: =A34 -> FINDLAY | B46: =B10 -> 18 | C46: =C34-C29 -> 0 | D46: =D34-D29 -> 0 | E46: =E34-E29 -> 1 | F46: =F34-F29 -> -1 | G46: =G34-G29 -> 1 | H46: =H34-H29 -> 4 | I46: =I34-I29 -> 1 | J46: =J34-J29 -> 0 | ... T46: =T34-T29 -> -5
A47: =A35 -> HOLLANDS | B47: =B11 -> 18 | C47: =C35-C29 -> 1 | D47: =D35-D29 -> 0 | E47: =E35-E29 -> 1 | F47: =F35-F29 -> 4 | G47: =G35-G29 -> 1 | H47: =H35-H29 -> 4 | I47: =I35-I29 -> 1 | J47: =J35-J29 -> 5 | ... T47: =T35-T29 -> -5
A48: =A36 -> LAING | B48: =B12 -> 18 | C48: =C36-C29 -> 1 | D48: =D36-D29 -> 5 | E48: =E36-E29 -> 1 | F48: =F36-F29 -> 4 | G48: =G36-G29 -> 1 | H48: =H36-H29 -> 4 | I48: =I36-I29 -> 1 | J48: =J36-J29 -> 5 | ... T48: =T36-T29 -> -5
A49: =A37 -> REILLY | B49: =B13 -> 18 | C49: =C37-C29 -> 1 | D49: =D37-D29 -> -4 | E49: =E37-E29 -> -5 | F49: =F37-F29 -> -5 | G49: =G37-G29 -> -5 | H49: =H37-H29 -> -5 | I49: =I37-I29 -> -5 | J49: =J37-J29 -> -4 | ... T49: =T37-T29 -> -5
A50: =A38 -> STONES | B50: =B14 -> 18 | C50: =C38-C29 -> 1 | D50: =D38-D29 -> 0 | E50: =E38-E29 -> -1 | F50: =F38-F29 -> 2 | G50: =G38-G29 -> -1 | H50: =H38-H29 -> -1 | I50: =I38-I29 -> -1 | J50: =J38-J29 -> 0 | ... T50: =T38-T29 -> -1
C52: =C40 -> 1 | D52: =D40 -> 2 | E52: =E40 -> 3 | F52: =F40 -> 4 | G52: =G40 -> 5 | H52: =H40 -> 6 | I52: =I40 -> 7 | J52: =J40 -> 8 | ... T52: =T40 -> 18 | U52: TOTAL | V52: STABLEFORD
C53: =C41 -> 4 | D53: =D41 -> 3 | E53: =E41 -> 4 | F53: =F41 -> 4 | G53: =G41 -> 4 | H53: =H41 -> 4 | I53: =I41 -> 4 | J53: =J41 -> 3 | ... T53: =T41 -> 4
C54: =C42 -> 9 | D54: =D42 -> 13 | E54: =E42 -> 5 | F54: =F42 -> 1 | G54: =G42 -> 11 | H54: =H42 -> 15 | I54: =I42 -> 7 | J54: =J42 -> 17 | ... T54: =T42 -> 2
A55: =A7 -> BELLIS | B55: =B7 -> 18 | C55: =IF(C43=-4,6)+(IF(C43=-3,5))+(IF(C43=-2,4))+(IF(C43=-1,3))+(IF(C43=0,2))+(IF(C43=1,1))+(IF(C43>=2,0)) -> 2 | D55: =IF(D43=-4,6)+(IF(D43=-3,5))+(IF(D43=-2,4))+(IF(D43=-1,3))+(IF(D43=0,2))+(IF(D43=1,1))+(IF(D43>=2,0)) -> 1 | E55: =IF(E43=-4,6)+(IF(E43=-3,5))+(IF(E43=-2,4))+(IF(E43=-1,3))+(IF(E43=0,2))+(IF(E43=1,1))+(IF(E43>=2,0)) -> 2 | F55: =IF(F43=-4,6)+(IF(F43=-3,5))+(IF(F43=-2,4))+(IF(F43=-1,3))+(IF(F43=0,2))+(IF(F43=1,1))+(IF(F43>=2,0)) -> 2 | G55: =IF(G43=-4,6)+(IF(G43=-3,5))+(IF(G43=-2,4))+(IF(G43=-1,3))+(IF(G43=0,2))+(IF(G43=1,1))+(IF(G43>=2,0)) -> 2 | H55: =IF(H43=-4,6)+(IF(H43=-3,5))+(IF(H43=-2,4))+(IF(H43=-1,3))+(IF(H43=0,2))+(IF(H43=1,1))+(IF(H43>=2,0)) -> 2 | I55: =IF(I43=-4,6)+(IF(I43=-3,5))+(IF(I43=-2,4))+(IF(I43=-1,3))+(IF(I43=0,2))+(IF(I43=1,1))+(IF(I43>=2,0)) -> 2 | J55: =IF(J43=-4,6)+(IF(J43=-3,5))+(IF(J43=-2,4))+(IF(J43=-1,3))+(IF(J43=0,2))+(IF(J43=1,1))+(IF(J43>=2,0)) -> 1 | ... T55: =IF(T43=-4,6)+(IF(T43=-3,5))+(IF(T43=-2,4))+(IF(T43=-1,3))+(IF(T43=0,2))+(IF(T43=1,1))+(IF(T43>=2,0)) -> 2 | U55: =SUM(C55:T55) -> 36
A56: =A8 -> DEY | B56: =B8 -> 18 | C56: =IF(C44=-4,6)+(IF(C44=-3,5))+(IF(C44=-2,4))+(IF(C44=-1,3))+(IF(C44=0,2))+(IF(C44=1,1))+(IF(C44>=2,0)) -> 2 | D56: =IF(D44=-4,6)+(IF(D44=-3,5))+(IF(D44=-2,4))+(IF(D44=-1,3))+(IF(D44=0,2))+(IF(D44=1,1))+(IF(D44>=2,0)) -> 0 | E56: =IF(E44=-4,6)+(IF(E44=-3,5))+(IF(E44=-2,4))+(IF(E44=-1,3))+(IF(E44=0,2))+(IF(E44=1,1))+(IF(E44>=2,0)) -> 1 | F56: =IF(F44=-4,6)+(IF(F44=-3,5))+(IF(F44=-2,4))+(IF(F44=-1,3))+(IF(F44=0,2))+(IF(F44=1,1))+(IF(F44>=2,0)) -> 0 | G56: =IF(G44=-4,6)+(IF(G44=-3,5))+(IF(G44=-2,4))+(IF(G44=-1,3))+(IF(G44=0,2))+(IF(G44=1,1))+(IF(G44>=2,0)) -> 1 | H56: =IF(H44=-4,6)+(IF(H44=-3,5))+(IF(H44=-2,4))+(IF(H44=-1,3))+(IF(H44=0,2))+(IF(H44=1,1))+(IF(H44>=2,0)) -> 0 | I56: =IF(I44=-4,6)+(IF(I44=-3,5))+(IF(I44=-2,4))+(IF(I44=-1,3))+(IF(I44=0,2))+(IF(I44=1,1))+(IF(I44>=2,0)) -> 1 | J56: =IF(J44=-4,6)+(IF(J44=-3,5))+(IF(J44=-2,4))+(IF(J44=-1,3))+(IF(J44=0,2))+(IF(J44=1,1))+(IF(J44>=2,0)) -> 0 | ... T56: =IF(T44=-4,6)+(IF(T44=-3,5))+(IF(T44=-2,4))+(IF(T44=-1,3))+(IF(T44=0,2))+(IF(T44=1,1))+(IF(T44>=2,0)) -> 0 | U56: =SUM(C56:T56) -> 17
A57: =A9 -> DONOVAN | B57: =B9 -> 18 | C57: =IF(C45=-4,6)+(IF(C45=-3,5))+(IF(C45=-2,4))+(IF(C45=-1,3))+(IF(C45=0,2))+(IF(C45=1,1))+(IF(C45>=2,0)) -> 2 | D57: =IF(D45=-4,6)+(IF(D45=-3,5))+(IF(D45=-2,4))+(IF(D45=-1,3))+(IF(D45=0,2))+(IF(D45=1,1))+(IF(D45>=2,0)) -> 0 | E57: =IF(E45=-4,6)+(IF(E45=-3,5))+(IF(E45=-2,4))+(IF(E45=-1,3))+(IF(E45=0,2))+(IF(E45=1,1))+(IF(E45>=2,0)) -> 1 | F57: =IF(F45=-4,6)+(IF(F45=-3,5))+(IF(F45=-2,4))+(IF(F45=-1,3))+(IF(F45=0,2))+(IF(F45=1,1))+(IF(F45>=2,0)) -> 0 | G57: =IF(G45=-4,6)+(IF(G45=-3,5))+(IF(G45=-2,4))+(IF(G45=-1,3))+(IF(G45=0,2))+(IF(G45=1,1))+(IF(G45>=2,0)) -> 1 | H57: =IF(H45=-4,6)+(IF(H45=-3,5))+(IF(H45=-2,4))+(IF(H45=-1,3))+(IF(H45=0,2))+(IF(H45=1,1))+(IF(H45>=2,0)) -> 0 | I57: =IF(I45=-4,6)+(IF(I45=-3,5))+(IF(I45=-2,4))+(IF(I45=-1,3))+(IF(I45=0,2))+(IF(I45=1,1))+(IF(I45>=2,0)) -> 1 | J57: =IF(J45=-4,6)+(IF(J45=-3,5))+(IF(J45=-2,4))+(IF(J45=-1,3))+(IF(J45=0,2))+(IF(J45=1,1))+(IF(J45>=2,0)) -> 0 | ... T57: =IF(T45=-4,6)+(IF(T45=-3,5))+(IF(T45=-2,4))+(IF(T45=-1,3))+(IF(T45=0,2))+(IF(T45=1,1))+(IF(T45>=2,0)) -> 0 | U57: =SUM(C57:T57) -> 17
A58: =A10 -> FINDLAY | B58: =B10 -> 18 | C58: =IF(C46=-4,6)+(IF(C46=-3,5))+(IF(C46=-2,4))+(IF(C46=-1,3))+(IF(C46=0,2))+(IF(C46=1,1))+(IF(C46>=2,0)) -> 2 | D58: =IF(D46=-4,6)+(IF(D46=-3,5))+(IF(D46=-2,4))+(IF(D46=-1,3))+(IF(D46=0,2))+(IF(D46=1,1))+(IF(D46>=2,0)) -> 2 | E58: =IF(E46=-4,6)+(IF(E46=-3,5))+(IF(E46=-2,4))+(IF(E46=-1,3))+(IF(E46=0,2))+(IF(E46=1,1))+(IF(E46>=2,0)) -> 1 | F58: =IF(F46=-4,6)+(IF(F46=-3,5))+(IF(F46=-2,4))+(IF(F46=-1,3))+(IF(F46=0,2))+(IF(F46=1,1))+(IF(F46>=2,0)) -> 3 | G58: =IF(G46=-4,6)+(IF(G46=-3,5))+(IF(G46=-2,4))+(IF(G46=-1,3))+(IF(G46=0,2))+(IF(G46=1,1))+(IF(G46>=2,0)) -> 1 | H58: =IF(H46=-4,6)+(IF(H46=-3,5))+(IF(H46=-2,4))+(IF(H46=-1,3))+(IF(H46=0,2))+(IF(H46=1,1))+(IF(H46>=2,0)) -> 0 | I58: =IF(I46=-4,6)+(IF(I46=-3,5))+(IF(I46=-2,4))+(IF(I46=-1,3))+(IF(I46=0,2))+(IF(I46=1,1))+(IF(I46>=2,0)) -> 1 | J58: =IF(J46=-4,6)+(IF(J46=-3,5))+(IF(J46=-2,4))+(IF(J46=-1,3))+(IF(J46=0,2))+(IF(J46=1,1))+(IF(J46>=2,0)) -> 2 | ... T58: =IF(T46=-4,6)+(IF(T46=-3,5))+(IF(T46=-2,4))+(IF(T46=-1,3))+(IF(T46=0,2))+(IF(T46=1,1))+(IF(T46>=2,0)) -> 0 | U58: =SUM(C58:T58) -> 24
A59: =A11 -> HOLLANDS | B59: =B11 -> 18 | C59: =IF(C47=-4,6)+(IF(C47=-3,5))+(IF(C47=-2,4))+(IF(C47=-1,3))+(IF(C47=0,2))+(IF(C47=1,1))+(IF(C47>=2,0)) -> 1 | D59: =IF(D47=-4,6)+(IF(D47=-3,5))+(IF(D47=-2,4))+(IF(D47=-1,3))+(IF(D47=0,2))+(IF(D47=1,1))+(IF(D47>=2,0)) -> 2 | E59: =IF(E47=-4,6)+(IF(E47=-3,5))+(IF(E47=-2,4))+(IF(E47=-1,3))+(IF(E47=0,2))+(IF(E47=1,1))+(IF(E47>=2,0)) -> 1 | F59: =IF(F47=-4,6)+(IF(F47=-3,5))+(IF(F47=-2,4))+(IF(F47=-1,3))+(IF(F47=0,2))+(IF(F47=1,1))+(IF(F47>=2,0)) -> 0 | G59: =IF(G47=-4,6)+(IF(G47=-3,5))+(IF(G47=-2,4))+(IF(G47=-1,3))+(IF(G47=0,2))+(IF(G47=1,1))+(IF(G47>=2,0)) -> 1 | H59: =IF(H47=-4,6)+(IF(H47=-3,5))+(IF(H47=-2,4))+(IF(H47=-1,3))+(IF(H47=0,2))+(IF(H47=1,1))+(IF(H47>=2,0)) -> 0 | I59: =IF(I47=-4,6)+(IF(I47=-3,5))+(IF(I47=-2,4))+(IF(I47=-1,3))+(IF(I47=0,2))+(IF(I47=1,1))+(IF(I47>=2,0)) -> 1 | J59: =IF(J47=-4,6)+(IF(J47=-3,5))+(IF(J47=-2,4))+(IF(J47=-1,3))+(IF(J47=0,2))+(IF(J47=1,1))+(IF(J47>=2,0)) -> 0 | ... T59: =IF(T47=-4,6)+(IF(T47=-3,5))+(IF(T47=-2,4))+(IF(T47=-1,3))+(IF(T47=0,2))+(IF(T47=1,1))+(IF(T47>=2,0)) -> 0 | U59: =SUM(C59:T59) -> 18
A60: =A12 -> LAING | B60: =B12 -> 18 | C60: =IF(C48=-4,6)+(IF(C48=-3,5))+(IF(C48=-2,4))+(IF(C48=-1,3))+(IF(C48=0,2))+(IF(C48=1,1))+(IF(C48>=2,0)) -> 1 | D60: =IF(D48=-4,6)+(IF(D48=-3,5))+(IF(D48=-2,4))+(IF(D48=-1,3))+(IF(D48=0,2))+(IF(D48=1,1))+(IF(D48>=2,0)) -> 0 | E60: =IF(E48=-4,6)+(IF(E48=-3,5))+(IF(E48=-2,4))+(IF(E48=-1,3))+(IF(E48=0,2))+(IF(E48=1,1))+(IF(E48>=2,0)) -> 1 | F60: =IF(F48=-4,6)+(IF(F48=-3,5))+(IF(F48=-2,4))+(IF(F48=-1,3))+(IF(F48=0,2))+(IF(F48=1,1))+(IF(F48>=2,0)) -> 0 | G60: =IF(G48=-4,6)+(IF(G48=-3,5))+(IF(G48=-2,4))+(IF(G48=-1,3))+(IF(G48=0,2))+(IF(G48=1,1))+(IF(G48>=2,0)) -> 1 | H60: =IF(H48=-4,6)+(IF(H48=-3,5))+(IF(H48=-2,4))+(IF(H48=-1,3))+(IF(H48=0,2))+(IF(H48=1,1))+(IF(H48>=2,0)) -> 0 | I60: =IF(I48=-4,6)+(IF(I48=-3,5))+(IF(I48=-2,4))+(IF(I48=-1,3))+(IF(I48=0,2))+(IF(I48=1,1))+(IF(I48>=2,0)) -> 1 | J60: =IF(J48=-4,6)+(IF(J48=-3,5))+(IF(J48=-2,4))+(IF(J48=-1,3))+(IF(J48=0,2))+(IF(J48=1,1))+(IF(J48>=2,0)) -> 0 | ... T60: =IF(T48=-4,6)+(IF(T48=-3,5))+(IF(T48=-2,4))+(IF(T48=-1,3))+(IF(T48=0,2))+(IF(T48=1,1))+(IF(T48>=2,0)) -> 0 | U60: =SUM(C60:T60) -> 16
A61: =A13 -> REILLY | B61: =B13 -> 18 | C61: =IF(C49=-4,6)+(IF(C49=-3,5))+(IF(C49=-2,4))+(IF(C49=-1,3))+(IF(C49=0,2))+(IF(C49=1,1))+(IF(C49>=2,0)) -> 1 | D61: =IF(D49=-4,6)+(IF(D49=-3,5))+(IF(D49=-2,4))+(IF(D49=-1,3))+(IF(D49=0,2))+(IF(D49=1,1))+(IF(D49>=2,0)) -> 6 | E61: =IF(E49=-4,6)+(IF(E49=-3,5))+(IF(E49=-2,4))+(IF(E49=-1,3))+(IF(E49=0,2))+(IF(E49=1,1))+(IF(E49>=2,0)) -> 0 | F61: =IF(F49=-4,6)+(IF(F49=-3,5))+(IF(F49=-2,4))+(IF(F49=-1,3))+(IF(F49=0,2))+(IF(F49=1,1))+(IF(F49>=2,0)) -> 0 | G61: =IF(G49=-4,6)+(IF(G49=-3,5))+(IF(G49=-2,4))+(IF(G49=-1,3))+(IF(G49=0,2))+(IF(G49=1,1))+(IF(G49>=2,0)) -> 0 | H61: =IF(H49=-4,6)+(IF(H49=-3,5))+(IF(H49=-2,4))+(IF(H49=-1,3))+(IF(H49=0,2))+(IF(H49=1,1))+(IF(H49>=2,0)) -> 0 | I61: =IF(I49=-4,6)+(IF(I49=-3,5))+(IF(I49=-2,4))+(IF(I49=-1,3))+(IF(I49=0,2))+(IF(I49=1,1))+(IF(I49>=2,0)) -> 0 | J61: =IF(J49=-4,6)+(IF(J49=-3,5))+(IF(J49=-2,4))+(IF(J49=-1,3))+(IF(J49=0,2))+(IF(J49=1,1))+(IF(J49>=2,0)) -> 6 | ... T61: =IF(T49=-4,6)+(IF(T49=-3,5))+(IF(T49=-2,4))+(IF(T49=-1,3))+(IF(T49=0,2))+(IF(T49=1,1))+(IF(T49>=2,0)) -> 0 | U61: =SUM(C61:T61) -> 25
A62: =A14 -> STONES | B62: =B14 -> 18 | C62: =IF(C50=-4,6)+(IF(C50=-3,5))+(IF(C50=-2,4))+(IF(C50=-1,3))+(IF(C50=0,2))+(IF(C50=1,1))+(IF(C50>=2,0)) -> 1 | D62: =IF(D50=-4,6)+(IF(D50=-3,5))+(IF(D50=-2,4))+(IF(D50=-1,3))+(IF(D50=0,2))+(IF(D50=1,1))+(IF(D50>=2,0)) -> 2 | E62: =IF(E50=-4,6)+(IF(E50=-3,5))+(IF(E50=-2,4))+(IF(E50=-1,3))+(IF(E50=0,2))+(IF(E50=1,1))+(IF(E50>=2,0)) -> 3 | F62: =IF(F50=-4,6)+(IF(F50=-3,5))+(IF(F50=-2,4))+(IF(F50=-1,3))+(IF(F50=0,2))+(IF(F50=1,1))+(IF(F50>=2,0)) -> 0 | G62: =IF(G50=-4,6)+(IF(G50=-3,5))+(IF(G50=-2,4))+(IF(G50=-1,3))+(IF(G50=0,2))+(IF(G50=1,1))+(IF(G50>=2,0)) -> 3 | H62: =IF(H50=-4,6)+(IF(H50=-3,5))+(IF(H50=-2,4))+(IF(H50=-1,3))+(IF(H50=0,2))+(IF(H50=1,1))+(IF(H50>=2,0)) -> 3 | I62: =IF(I50=-4,6)+(IF(I50=-3,5))+(IF(I50=-2,4))+(IF(I50=-1,3))+(IF(I50=0,2))+(IF(I50=1,1))+(IF(I50>=2,0)) -> 3 | J62: =IF(J50=-4,6)+(IF(J50=-3,5))+(IF(J50=-2,4))+(IF(J50=-1,3))+(IF(J50=0,2))+(IF(J50=1,1))+(IF(J50>=2,0)) -> 2 | ... T62: =IF(T50=-4,6)+(IF(T50=-3,5))+(IF(T50=-2,4))+(IF(T50=-1,3))+(IF(T50=0,2))+(IF(T50=1,1))+(IF(T50>=2,0)) -> 3 | U62: =SUM(C62:T62) -> 49
C81: 1 | D81: 2 | E81: 3 | F81: 4 | G81: 5 | H81: 6 | I81: 7 | J81: 8 | K81: 9 | L81: OUT | M81: 10 | N81: 11 | O81: 12 | P81: 13 | Q81: 14 | R81: 15 | S81: 16 | T81: 17 | U81: 18 | V81: IN | W81: TOTAL
C82: =C5 -> 4 | D82: =D5 -> 3 | E82: =E5 -> 4 | F82: =F5 -> 4 | G82: =G5 -> 4 | H82: =H5 -> 4 | I82: =I5 -> 4 | J82: =J5 -> 3 | K82: =K5 -> 5 | L82: =SUM(C82:K82) -> 35 | M82: =L5 -> 5 | N82: =M5 -> 4 | O82: =N5 -> 3 | P82: =O5 -> 5 | Q82: =P5 -> 4 | R82: =Q5 -> 5 | S82: =R5 -> 4 | T82: =S5 -> 3 | U82: =T5 -> 4 | V82: =SUM(M82:U82) -> 37 | W82: =SUM(L82+V82) -> 72
C83: =C6 -> 9 | D83: =D6 -> 13 | E83: =E6 -> 5 | F83: =F6 -> 1 | G83: =G6 -> 11 | H83: =H6 -> 15 | I83: =I6 -> 7 | J83: =J6 -> 17 | K83: =K6 -> 3 | M83: =L6 -> 4 | N83: =M6 -> 14 | O83: =N6 -> 16 | P83: =O6 -> 10 | Q83: =P6 -> 6 | R83: =Q6 -> 8 | S83: =R6 -> 12 | T83: =S6 -> 18 | U83: =T6 -> 2
C84: =C19 -> ● | D84: =D19 -> ● | E84: =E19 -> ● | F84: =F19 -> ● | G84: =G19 -> ● | H84: =H19 -> ● | I84: =I19 -> ● | J84: =J19 -> ● | K84: =K19 -> ● | M84: =L19 -> ● | N84: =M19 -> ● | O84: =N19 -> ● | P84: =O19 -> ● | Q84: =P19 -> ● | R84: =Q19 -> ● | S84: =R19 -> ● | T84: =S19 -> ● | U84: =T19 -> ●
A85: =A7 -> BELLIS | B85: =B7 -> 18 | C85: =C7 -> 5 | D85: =D7 -> 5 | E85: =E7 -> 5 | F85: =F7 -> 5 | G85: =G7 -> 5 | H85: =H7 -> 5 | ... K85: =K7 -> 5 | L85: =SUM(C85:K85) -> 45 | M85: =L7 -> 5 | N85: =M7 -> 5 | O85: =N7 -> 5 | P85: =O7 -> 5 | Q85: =P7 -> 5 | R85: =Q7 -> 5 | S85: =R7 -> 5 | T85: =S7 -> 5 | U85: =T7 -> 5 | V85: =SUM(M85:U85) -> 45 | W85: =SUM(L85+V85) -> 90
C86: =C55 -> 2 | D86: =D55 -> 1 | E86: =E55 -> 2 | F86: =F55 -> 2 | G86: =G55 -> 2 | H86: =H55 -> 2 | I86: =I55 -> 2 | J86: =J55 -> 1 | K86: =K55 -> 3 | L86: =SUM(C86:K86) -> 17 | M86: =L55 -> 3 | N86: =M55 -> 2 | O86: =N55 -> 1 | P86: =O55 -> 3 | Q86: =P55 -> 2 | R86: =Q55 -> 3 | S86: =R55 -> 2 | T86: =S55 -> 1 | U86: =T55 -> 2 | V86: =SUM(M86:U86) -> 19 | W86: =SUM(L86+V86) -> 36

Sheet Round2
B3: TOURNAMENT STANDINGS
A6: RANK | B6: PLAYER | C6: SCORE | D6: POINTS
A7: ='RND 1 STBL'!AD14 -> 1 | B7: ='RND 2 MP'!AE14 -> FINDLAY | C7: ='RND 2 MP'!AF14 -> 39 | D7: ='RND 2 MP'!AG14 -> 22.5
A8: ='RND 1 STBL'!AD15 -> 2 | B8: ='RND 2 MP'!AE15 -> HOLLANDS | C8: ='RND 2 MP'!AF15 -> 39 | D8: ='RND 2 MP'!AG15 -> 22.5
A9: ='RND 1 STBL'!AD16 -> 3 | B9: ='RND 2 MP'!AE16 -> DONOVAN | C9: ='RND 2 MP'!AF16 -> 32 | D9: ='RND 2 MP'!AG16 -> 18
A10: ='RND 1 STBL'!AD17 -> 4 | B10: ='RND 2 MP'!AE17 -> LAING | C10: ='RND 2 MP'!AF17 -> 21 | D10: ='RND 2 MP'!AG17 -> 15
A11: ='RND 1 STBL'!AD18 -> 5 | B11: ='RND 2 MP'!AE18 -> REILLY | C11: ='RND 2 MP'!AF18 -> 12 | D11: ='RND 2 MP'!AG18 -> 12
A12: ='RND 1 STBL'!AD19 -> 6 | B12: ='RND 2 MP'!AE19 -> DEY | C12: ='RND 2 MP'!AF19 -> 10 | D12: ='RND 2 MP'!AG19 -> 7.5
A13: ='RND 1 STBL'!AD20 -> 7 | B13: ='RND 2 MP'!AE20 -> STONES | C13: ='RND 2 MP'!AF20 -> 10 | D13: ='RND 2 MP'!AG20 -> 7.5
A14: ='RND 1 STBL'!AD21 -> 8 | B14: ='RND 2 MP'!AE21 -> BELLIS | C14: ='RND 2 MP'!AF21 -> 5 | D14: ='RND 2 MP'!AG21 -> 3
A21: Round 2 - Strokes
A22: PLAYERS | B22: HCP | D22: HOLE | E22: 1 | F22: 2 | G22: 3 | H22: 4 | I22: 5 | J22: 6 | K22: 7 | L22: 8 | M22: 9 | N22: 10 | O22: 11 | P22: 12 | Q22: 13 | R22: 14 | S22: 15 | T22: 16 | U22: 17 | V22: 18 | W22: TOTAL
D23: PAR | E23: ='RND 2 MP'!C5 -> 4 | F23: ='RND 2 MP'!D5 -> 3 | G23: ='RND 2 MP'!E5 -> 4 | H23: ='RND 2 MP'!F5 -> 4 | I23: ='RND 2 MP'!G5 -> 4 | J23: ='RND 2 MP'!H5 -> 5 | K23: ='RND 2 MP'!I5 -> 3 | L23: ='RND 2 MP'!J5 -> 4 | ... V23: ='RND 2 MP'!T5 -> 4
D24: S.I | E24: ='RND 2 MP'!C6 -> 16 | F24: ='RND 2 MP'!D6 -> 8 | G24: ='RND 2 MP'!E6 -> 2 | H24: ='RND 2 MP'!F6 -> 18 | I24: ='RND 2 MP'!G6 -> 4 | J24: ='RND 2 MP'!H6 -> 12 | K24: ='RND 2 MP'!I6 -> 6 | L24: ='RND 2 MP'!J6 -> 10 | ... V24: ='RND 2 MP'!T6 -> 9
A26: ='RND 1 STBL'!A7 -> BELLIS | B26: ='RND 2 MP'!B7 -> 18 | E26: ='RND 2 MP'!C7 -> 8 | F26: ='RND 2 MP'!D7 -> 2 | G26: ='RND 2 MP'!E7 -> 8 | H26: ='RND 2 MP'!F7 -> 8 | I26: ='RND 2 MP'!G7 -> 8 | J26: ='RND 2 MP'!H7 -> 8 | K26: ='RND 2 MP'!I7 -> 8 | L26: ='RND 2 MP'!J7 -> 8 | ... W26: ='RND 2 MP'!U7 -> 133
A27: ='RND 1 STBL'!A8 -> DEY | B27: ='RND 2 MP'!B8 -> 18 | E27: ='RND 2 MP'!C8 -> 7 | F27: ='RND 2 MP'!D8 -> 7 | G27: ='RND 2 MP'!E8 -> 7 | H27: ='RND 2 MP'!F8 -> 7 | I27: ='RND 2 MP'!G8 -> 7 | J27: ='RND 2 MP'!H8 -> 1 | K27: ='RND 2 MP'!I8 -> 1 | L27: ='RND 2 MP'!J8 -> 1 | ... W27: ='RND 2 MP'!U8 -> 128
A28: ='RND 1 STBL'!A9 -> DONOVAN | B28: ='RND 2 MP'!B9 -> 18 | E28: ='RND 2 MP'!C9 -> 4 | F28: ='RND 2 MP'!D9 -> 9 | G28: ='RND 2 MP'!E9 -> 3 | H28: ='RND 2 MP'!F9 -> 2 | I28: ='RND 2 MP'!G9 -> 4 | J28: ='RND 2 MP'!H9 -> 4 | K28: ='RND 2 MP'!I9 -> 4 | L28: ='RND 2 MP'!J9 -> 4 | ... W28: ='RND 2 MP'!U9 -> 78
A29: ='RND 1 STBL'!A10 -> FINDLAY | B29: ='RND 2 MP'!B10 -> 18 | E29: ='RND 2 MP'!C10 -> 2 | F29: ='RND 2 MP'!D10 -> 3 | G29: ='RND 2 MP'!E10 -> 6 | H29: ='RND 2 MP'!F10 -> 3 | I29: ='RND 2 MP'!G10 -> 2 | J29: ='RND 2 MP'!H10 -> 2 | K29: ='RND 2 MP'!I10 -> 2 | L29: ='RND 2 MP'!J10 -> 1 | ... W29: ='RND 2 MP'!U10 -> 60
A30: ='RND 1 STBL'!A11 -> HOLLANDS | B30: ='RND 2 MP'!B11 -> 18 | E30: ='RND 2 MP'!C11 -> 2 | F30: ='RND 2 MP'!D11 -> 3 | G30: ='RND 2 MP'!E11 -> 6 | H30: ='RND 2 MP'!F11 -> 3 | I30: ='RND 2 MP'!G11 -> 2 | J30: ='RND 2 MP'!H11 -> 2 | K30: ='RND 2 MP'!I11 -> 2 | L30: ='RND 2 MP'!J11 -> 1 | ... W30: ='RND 2 MP'!U11 -> 60
A31: ='RND 1 STBL'!A12 -> LAING | B31: ='RND 2 MP'!B12 -> 18 | E31: ='RND 2 MP'!C12 -> 7 | F31: ='RND 2 MP'!D12 -> 6 | G31: ='RND 2 MP'!E12 -> 4 | H31: ='RND 2 MP'!F12 -> 4 | I31: ='RND 2 MP'!G12 -> 3 | J31: ='RND 2 MP'!H12 -> 4 | K31: ='RND 2 MP'!I12 -> 7 | L31: ='RND 2 MP'!J12 -> 2 | ... W31: ='RND 2 MP'!U12 -> 90
A32: ='RND 1 STBL'!A13 -> REILLY | B32: ='RND 2 MP'!B13 -> 18 | E32: ='RND 2 MP'!C13 -> 7 | F32: ='RND 2 MP'!D13 -> 5 | G32: ='RND 2 MP'!E13 -> 7 | H32: ='RND 2 MP'!F13 -> 7 | I32: ='RND 2 MP'!G13 -> 7 | J32: ='RND 2 MP'!H13 -> 1 | K32: ='RND 2 MP'!I13 -> 1 | L32: ='RND 2 MP'!J13 -> 7 | ... W32: ='RND 2 MP'!U13 -> 109
A33: ='RND 1 STBL'!A14 -> STONES | B33: ='RND 2 MP'!B14 -> 18 | E33: ='RND 2 MP'!C14 -> 7 | F33: ='RND 2 MP'!D14 -> 4 | G33: ='RND 2 MP'!E14 -> 7 | H33: ='RND 2 MP'!F14 -> 7 | I33: ='RND 2 MP'!G14 -> 7 | J33: ='RND 2 MP'!H14 -> 7 | K33: ='RND 2 MP'!I14 -> 7 | L33: ='RND 2 MP'!J14 -> 7 | ... W33: ='RND 2 MP'!U14 -> 114
A37: Round 2 - Net Scores
A38: PLAYERS | B38: HCP | D38: HOLE | E38: 1 | F38: 2 | G38: 3 | H38: 4 | I38: 5 | J38: 6 | K38: 7 | L38: 8 | M38: 9 | N38: 10 | O38: 11 | P38: 12 | Q38: 13 | R38: 14 | S38: 15 | T38: 16 | U38: 17 | V38: 18 | W38: TOTAL
D39: PAR | E39: =E23 -> 4 | F39: =F23 -> 3 | G39: =G23 -> 4 | H39: =H23 -> 4 | I39: =I23 -> 4 | J39: =J23 -> 5 | K39: =K23 -> 3 | L39: =L23 -> 4 | ... V39: =V23 -> 4
D40: S.I | E40: =E24 -> 16 | F40: =F24 -> 8 | G40: =G24 -> 2 | H40: =H24 -> 18 | I40: =I24 -> 4 | J40: =J24 -> 12 | K40: =K24 -> 6 | L40: =L24 -> 10 | ... V40: =V24 -> 9
A42: =A26 -> BELLIS | B42: =B26 -> 18 | E42: ='RND 2 MP'!C31 -> 7 | F42: ='RND 2 MP'!D31 -> 1 | G42: ='RND 2 MP'!E31 -> 7 | H42: ='RND 2 MP'!F31 -> 7 | I42: ='RND 2 MP'!G31 -> 7 | J42: ='RND 2 MP'!H31 -> 7 | K42: ='RND 2 MP'!I31 -> 7 | L42: ='RND 2 MP'!J31 -> 7 | ... W42: ='RND 2 MP'!U31 -> 115
A43: =A27 -> DEY | B43: =B27 -> 18 | E43: ='RND 2 MP'!C32 -> 6 | F43: ='RND 2 MP'!D32 -> 6 | G43: ='RND 2 MP'!E32 -> 6 | H43: ='RND 2 MP'!F32 -> 6 | I43: ='RND 2 MP'!G32 -> 6 | J43: ='RND 2 MP'!H32 -> 0 | K43: ='RND 2 MP'!I32 -> 0 | L43: ='RND 2 MP'!J32 -> 0 | ... W43: ='RND 2 MP'!U32 -> 110
A44: =A28 -> DONOVAN | B44: =B28 -> 18 | E44: ='RND 2 MP'!C33 -> 3 | F44: ='RND 2 MP'!D33 -> 8 | G44: ='RND 2 MP'!E33 -> 2 | H44: ='RND 2 MP'!F33 -> 1 | I44: ='RND 2 MP'!G33 -> 3 | J44: ='RND 2 MP'!H33 -> 3 | K44: ='RND 2 MP'!I33 -> 3 | L44: ='RND 2 MP'!J33 -> 3 | ... W44: ='RND 2 MP'!U33 -> 60
A45: =A29 -> FINDLAY | B45: =B29 -> 18 | E45: ='RND 2 MP'!C34 -> 1 | F45: ='RND 2 MP'!D34 -> 2 | G45: ='RND 2 MP'!E34 -> 5 | H45: ='RND 2 MP'!F34 -> 2 | I45: ='RND 2 MP'!G34 -> 1 | J45: ='RND 2 MP'!H34 -> 1 | K45: ='RND 2 MP'!I34 -> 1 | L45: ='RND 2 MP'!J34 -> 0 | ... W45: ='RND 2 MP'!U34 -> 42
A46: =A30 -> HOLLANDS | B46: =B30 -> 18 | E46: ='RND 2 MP'!C35 -> 1 | F46: ='RND 2 MP'!D35 -> 2 | G46: ='RND 2 MP'!E35 -> 5 | H46: ='RND 2 MP'!F35 -> 2 | I46: ='RND 2 MP'!G35 -> 1 | J46: ='RND 2 MP'!H35 -> 1 | K46: ='RND 2 MP'!I35 -> 1 | L46: ='RND 2 MP'!J35 -> 0 | ... W46: ='RND 2 MP'!U35 -> 42
A47: =A31 -> LAING | B47: =B31 -> 18 | E47: ='RND 2 MP'!C36 -> 6 | F47: ='RND 2 MP'!D36 -> 5 | G47: ='RND 2 MP'!E36 -> 3 | H47: ='RND 2 MP'!F36 -> 3 | I47: ='RND 2 MP'!G36 -> 2 | J47: ='RND 2 MP'!H36 -> 3 | K47: ='RND 2 MP'!I36 -> 6 | L47: ='RND 2 MP'!J36 -> 1 | ... W47: ='RND 2 MP'!U36 -> 72
A48: =A32 -> REILLY | B48: =B32 -> 18 | E48: ='RND 2 MP'!C37 -> 6 | F48: ='RND 2 MP'!D37 -> 4 | G48: ='RND 2 MP'!E37 -> 6 | H48: ='RND 2 MP'!F37 -> 6 | I48: ='RND 2 MP'!G37 -> 6 | J48: ='RND 2 MP'!H37 -> 0 | K48: ='RND 2 MP'!I37 -> 0 | L48: ='RND 2 MP'!J37 -> 6 | ... W48: ='RND 2 MP'!U37 -> 91
A49: =A33 -> STONES | B49: =B33 -> 18 | E49: ='RND 2 MP'!C38 -> 6 | F49: ='RND 2 MP'!D38 -> 3 | G49: ='RND 2 MP'!E38 -> 6 | H49: ='RND 2 MP'!F38 -> 6 | I49: ='RND 2 MP'!G38 -> 6 | J49: ='RND 2 MP'!H38 -> 6 | K49: ='RND 2 MP'!I38 -> 6 | L49: ='RND 2 MP'!J38 -> 6 | ... W49: ='RND 2 MP'!U38 -> 96
A53: Round 2 - Matchplay Order
A54: PLAYERS | B54: MP Points | D54: HOLE | E54: 1 | F54: 2 | G54: 3 | H54: 4 | I54: 5 | J54: 6 | K54: 7 | L54: 8 | M54: 9 | N54: 10 | O54: 11 | P54: 12 | Q54: 13 | R54: 14 | S54: 15 | T54: 16 | U54: 17 | V54: 18 | W54: TOTAL
D55: PAR | E55: =E39 -> 4 | F55: =F39 -> 3 | G55: =G39 -> 4 | H55: =H39 -> 4 | I55: =I39 -> 4 | J55: =J39 -> 5 | K55: =K39 -> 3 | L55: =L39 -> 4 | ... V55: =V39 -> 4
D56: S.I | E56: =E40 -> 16 | F56: =F40 -> 8 | G56: =G40 -> 2 | H56: =H40 -> 18 | I56: =I40 -> 4 | J56: =J40 -> 12 | K56: =K40 -> 6 | L56: =L40 -> 10 | ... V56: =V40 -> 9
A58: =A42 -> BELLIS | B58: ='RND 2 MP'!U56 -> 5 | E58: {=IFERROR( INDEX($A$99:$A$106, MATCH( LARGE( INDEX($E$99:$V$106, 0, COLUMN()-4) + ROW($A$99:$A$106)/1000, ROW(A1) ), INDEX($E$99:$V$106, 0, COLUMN()-4) + ROW($A$99:$A$106)/1000, 0) ), "")} -> HOLLANDS | F58: {=IFERROR( INDEX($A$99:$A$106, MATCH( LARGE( INDEX($E$99:$V$106, 0, COLUMN()-4) + ROW($A$99:$A$106)/1000, ROW(B1) ), INDEX($E$99:$V$106, 0, COLUMN()-4) + ROW($A$99:$A$106)/1000, 0) ), "")} -> BELLIS | G58: {=IFERROR( INDEX($A$99:$A$106, MATCH( LARGE( INDEX($E$99:$V$106, 0, COLUMN()-4) + ROW($A$99:$A$106)/1000, ROW(C1) ), INDEX($E$99:$V$106, 0, COLUMN()-4) + ROW($A$99:$A$106)/1000, 0) ), "")} -> DONOVAN | H58: {=IFERROR( INDEX($A$99:$A$106, MATCH( LARGE( INDEX($E$99:$V$106, 0, COLUMN()-4) + ROW($A$99:$A$106)/1000, ROW(D1) ), INDEX($E$99:$V$106, 0, COLUMN()-4) + ROW($A$99:$A$106)/1000, 0) ), "")} -> DONOVAN | I58: {=IFERROR( INDEX($A$99:$A$106, MATCH( LARGE( INDEX($E$99:$V$106, 0, COLUMN()-4) + ROW($A$99:$A$106)/1000, ROW(E1) ), INDEX($E$99:$V$106, 0, COLUMN()-4) + ROW($A$99:$A$106)/1000, 0) ), "")} -> HOLLANDS | J58: {=IFERROR( INDEX($A$99:$A$106, MATCH( LARGE( INDEX($E$99:$V$106, 0, COLUMN()-4) + ROW($A$99:$A$106)/1000, ROW(F1) ), INDEX($E$99:$V$106, 0, COLUMN()-4) + ROW($A$99:$A$106)/1000, 0) ), "")} -> REILLY | K58: {=IFERROR( INDEX($A$99:$A$106, MATCH( LARGE( INDEX($E$99:$V$106, 0, COLUMN()-4) + ROW($A$99:$A$106)/1000, ROW(G1) ), INDEX($E$99:$V$106, 0, COLUMN()-4) + ROW($A$99:$A$106)/1000, 0) ), "")} -> REILLY | L58: {=IFERROR( INDEX($A$99:$A$106, MATCH( LARGE( INDEX($E$99:$V$106, 0, COLUMN()-4) + ROW($A$99:$A$106)/1000, ROW(H1) ), INDEX($E$99:$V$106, 0, COLUMN()-4) + ROW($A$99:$A$106)/1000, 0) ), "")} -> HOLLANDS | ... V58: {=IFERROR( INDEX($A$99:$A$106, MATCH( LARGE( INDEX($E$99:$V$106, 0, COLUMN()-4) + ROW($A$99:$A$106)/1000, ROW(R1) ), INDEX($E$99:$V$106, 0, COLUMN()-4) + ROW($A$99:$A$106)/1000, 0) ), "")} -> STONES
A59: =A43 -> DEY | B59: ='RND 2 MP'!U57 -> 10 | E59: {=IFERROR( INDEX($A$99:$A$106, MATCH( LARGE( INDEX($E$99:$V$106, 0, COLUMN()-4) + ROW($A$99:$A$106)/1000, ROW(A2) ), INDEX($E$99:$V$106, 0, COLUMN()-4) + ROW($A$99:$A$106)/1000, 0) ), "")} -> FINDLAY | F59: {=IFERROR( INDEX($A$99:$A$106, MATCH( LARGE( INDEX($E$99:$V$106, 0, COLUMN()-4) + ROW($A$99:$A$106)/1000, ROW(B2) ), INDEX($E$99:$V$106, 0, COLUMN()-4) + ROW($A$99:$A$106)/1000, 0) ), "")} -> HOLLANDS | G59: {=IFERROR( INDEX($A$99:$A$106, MATCH( LARGE( INDEX($E$99:$V$106, 0, COLUMN()-4) + ROW($A$99:$A$106)/1000, ROW(C2) ), INDEX($E$99:$V$106, 0, COLUMN()-4) + ROW($A$99:$A$106)/1000, 0) ), "")} -> LAING | H59: {=IFERROR( INDEX($A$99:$A$106, MATCH( LARGE( INDEX($E$99:$V$106, 0, COLUMN()-4) + ROW($A$99:$A$106)/1000, ROW(D2) ), INDEX($E$99:$V$106, 0, COLUMN()-4) + ROW($A$99:$A$106)/1000, 0) ), "")} -> HOLLANDS | I59: {=IFERROR( INDEX($A$99:$A$106, MATCH( LARGE( INDEX($E$99:$V$106, 0, COLUMN()-4) + ROW($A$99:$A$106)/1000, ROW(E2) ), INDEX($E$99:$V$106, 0, COLUMN()-4) + ROW($A$99:$A$106)/1000, 0) ), "")} -> FINDLAY | J59: {=IFERROR( INDEX($A$99:$A$106, MATCH( LARGE( INDEX($E$99:$V$106, 0, COLUMN()-4) + ROW($A$99:$A$106)/1000, ROW(F2) ), INDEX($E$99:$V$106, 0, COLUMN()-4) + ROW($A$99:$A$106)/1000, 0) ), "")} -> DEY | K59: {=IFERROR( INDEX($A$99:$A$106, MATCH( LARGE( INDEX($E$99:$V$106, 0, COLUMN()-4) + ROW($A$99:$A$106)/1000, ROW(G2) ), INDEX($E$99:$V$106, 0, COLUMN()-4) + ROW($A$99:$A$106)/1000, 0) ), "")} -> DEY | L59: {=IFERROR( INDEX($A$99:$A$106, MATCH( LARGE( INDEX($E$99:$V$106, 0, COLUMN()-4) + ROW($A$99:$A$106)/1000, ROW(H2) ), INDEX($E$99:$V$106, 0, COLUMN()-4) + ROW($A$99:$A$106)/1000, 0) ), "")} -> FINDLAY | ... V59: {=IFERROR( INDEX($A$99:$A$106, MATCH( LARGE( INDEX($E$99:$V$106, 0, COLUMN()-4) + ROW($A$99:$A$106)/1000, ROW(R2) ), INDEX($E$99:$V$106, 0, COLUMN()-4) + ROW($A$99:$A$106)/1000, 0) ), "")} -> REILLY
A60: =A44 -> DONOVAN | B60: ='RND 2 MP'!U58 -> 32 | E60: {=IFERROR( INDEX($A$99:$A$106, MATCH( LARGE( INDEX($E$99:$V$106, 0, COLUMN()-4) + ROW($A$99:$A$106)/1000, ROW(A3) ), INDEX($E$99:$V$106, 0, COLUMN()-4) + ROW($A$99:$A$106)/1000, 0) ), "")} -> DONOVAN | F60: {=IFERROR( INDEX($A$99:$A$106, MATCH( LARGE( INDEX($E$99:$V$106, 0, COLUMN()-4) + ROW($A$99:$A$106)/1000, ROW(B3) ), INDEX($E$99:$V$106, 0, COLUMN()-4) + ROW($A$99:$A$106)/1000, 0) ), "")} -> FINDLAY | G60: {=IFERROR( INDEX($A$99:$A$106, MATCH( LARGE( INDEX($E$99:$V$106, 0, COLUMN()-4) + ROW($A$99:$A$106)/1000, ROW(C3) ), INDEX($E$99:$V$106, 0, COLUMN()-4) + ROW($A$99:$A$106)/1000, 0) ), "")} -> HOLLANDS | H60: {=IFERROR( INDEX($A$99:$A$106, MATCH( LARGE( INDEX($E$99:$V$106, 0, COLUMN()-4) + ROW($A$99:$A$106)/1000, ROW(D3) ), INDEX($E$99:$V$106, 0, COLUMN()-4) + ROW($A$99:$A$106)/1000, 0) ), "")} -> FINDLAY | I60: {=IFERROR( INDEX($A$99:$A$106, MATCH( LARGE( INDEX($E$99:$V$106, 0, COLUMN()-4) + ROW($A$99:$A$106)/1000, ROW(E3) ), INDEX($E$99:$V$106, 0, COLUMN()-4) + ROW($A$99:$A$106)/1000, 0) ), "")} -> LAING | J60: {=IFERROR( INDEX($A$99:$A$106, MATCH( LARGE( INDEX($E$99:$V$106, 0, COLUMN()-4) + ROW($A$99:$A$106)/1000, ROW(F3) ), INDEX($E$99:$V$106, 0, COLUMN()-4) + ROW($A$99:$A$106)/1000, 0) ), "")} -> HOLLANDS | K60: {=IFERROR( INDEX($A$99:$A$106, MATCH( LARGE( INDEX($E$99:$V$106, 0, COLUMN()-4) + ROW($A$99:$A$106)/1000, ROW(G3) ), INDEX($E$99:$V$106, 0, COLUMN()-4) + ROW($A$99:$A$106)/1000, 0) ), "")} -> HOLLANDS | L60: {=IFERROR( INDEX($A$99:$A$106, MATCH( LARGE( INDEX($E$99:$V$106, 0, COLUMN()-4) + ROW($A$99:$A$106)/1000, ROW(H3) ), INDEX($E$99:$V$106, 0, COLUMN()-4) + ROW($A$99:$A$106)/1000, 0) ), "")} -> DEY | ... V60: {=IFERROR( INDEX($A$99:$A$106, MATCH( LARGE( INDEX($E$99:$V$106, 0, COLUMN()-4) + ROW($A$99:$A$106)/1000, ROW(R3) ), INDEX($E$99:$V$106, 0, COLUMN()-4) + ROW($A$99:$A$106)/1000, 0) ), "")} -> LAING
A61: =A45 -> FINDLAY | B61: ='RND 2 MP'!U59 -> 39 | E61: {=IFERROR( INDEX($A$99:$A$106, MATCH( LARGE( INDEX($E$99:$V$106, 0, COLUMN()-4) + ROW($A$99:$A$106)/1000, ROW(A4) ), INDEX($E$99:$V$106, 0, COLUMN()-4) + ROW($A$99:$A$106)/1000, 0) ), "")} -> STONES | F61: {=IFERROR( INDEX($A$99:$A$106, MATCH( LARGE( INDEX($E$99:$V$106, 0, COLUMN()-4) + ROW($A$99:$A$106)/1000, ROW(B4) ), INDEX($E$99:$V$106, 0, COLUMN()-4) + ROW($A$99:$A$106)/1000, 0) ), "")} -> STONES | G61: {=IFERROR( INDEX($A$99:$A$106, MATCH( LARGE( INDEX($E$99:$V$106, 0, COLUMN()-4) + ROW($A$99:$A$106)/1000, ROW(C4) ), INDEX($E$99:$V$106, 0, COLUMN()-4) + ROW($A$99:$A$106)/1000, 0) ), "")} -> FINDLAY | H61: {=IFERROR( INDEX($A$99:$A$106, MATCH( LARGE( INDEX($E$99:$V$106, 0, COLUMN()-4) + ROW($A$99:$A$106)/1000, ROW(D4) ), INDEX($E$99:$V$106, 0, COLUMN()-4) + ROW($A$99:$A$106)/1000, 0) ), "")} -> LAING | I61: {=IFERROR( INDEX($A$99:$A$106, MATCH( LARGE( INDEX($E$99:$V$106, 0, COLUMN()-4) + ROW($A$99:$A$106)/1000, ROW(E4) ), INDEX($E$99:$V$106, 0, COLUMN()-4) + ROW($A$99:$A$106)/1000, 0) ), "")} -> DONOVAN | J61: {=IFERROR( INDEX($A$99:$A$106, MATCH( LARGE( INDEX($E$99:$V$106, 0, COLUMN()-4) + ROW($A$99:$A$106)/1000, ROW(F4) ), INDEX($E$99:$V$106, 0, COLUMN()-4) + ROW($A$99:$A$106)/1000, 0) ), "")} -> FINDLAY | K61: {=IFERROR( INDEX($A$99:$A$106, MATCH( LARGE( INDEX($E$99:$V$106, 0, COLUMN()-4) + ROW($A$99:$A$106)/1000, ROW(G4) ), INDEX($E$99:$V$106, 0, COLUMN()-4) + ROW($A$99:$A$106)/1000, 0) ), "")} -> FINDLAY | L61: {=IFERROR( INDEX($A$99:$A$106, MATCH( LARGE( INDEX($E$99:$V$106, 0, COLUMN()-4) + ROW($A$99:$A$106)/1000, ROW(H4) ), INDEX($E$99:$V$106, 0, COLUMN()-4) + ROW($A$99:$A$106)/1000, 0) ), "")} -> LAING | ... V61: {=IFERROR( INDEX($A$99:$A$106, MATCH( LARGE( INDEX($E$99:$V$106, 0, COLUMN()-4) + ROW($A$99:$A$106)/1000, ROW(R4) ), INDEX($E$99:$V$106, 0, COLUMN()-4) + ROW($A$99:$A$106)/1000, 0) ), "")} -> HOLLANDS
A62: =A46 -> HOLLANDS | B62: ='RND 2 MP'!U60 -> 39 | E62: {=IFERROR( INDEX($A$99:$A$106, MATCH( LARGE( INDEX($E$99:$V$106, 0, COLUMN()-4) + ROW($A$99:$A$106)/1000, ROW(A5) ), INDEX($E$99:$V$106, 0, COLUMN()-4) + ROW($A$99:$A$106)/1000, 0) ), "")} -> REILLY | F62: {=IFERROR( INDEX($A$99:$A$106, MATCH( LARGE( INDEX($E$99:$V$106, 0, COLUMN()-4) + ROW($A$99:$A$106)/1000, ROW(B5) ), INDEX($E$99:$V$106, 0, COLUMN()-4) + ROW($A$99:$A$106)/1000, 0) ), "")} -> REILLY | G62: {=IFERROR( INDEX($A$99:$A$106, MATCH( LARGE( INDEX($E$99:$V$106, 0, COLUMN()-4) + ROW($A$99:$A$106)/1000, ROW(C5) ), INDEX($E$99:$V$106, 0, COLUMN()-4) + ROW($A$99:$A$106)/1000, 0) ), "")} -> STONES | H62: {=IFERROR( INDEX($A$99:$A$106, MATCH( LARGE( INDEX($E$99:$V$106, 0, COLUMN()-4) + ROW($A$99:$A$106)/1000, ROW(D5) ), INDEX($E$99:$V$106, 0, COLUMN()-4) + ROW($A$99:$A$106)/1000, 0) ), "")} -> STONES | I62: {=IFERROR( INDEX($A$99:$A$106, MATCH( LARGE( INDEX($E$99:$V$106, 0, COLUMN()-4) + ROW($A$99:$A$106)/1000, ROW(E5) ), INDEX($E$99:$V$106, 0, COLUMN()-4) + ROW($A$99:$A$106)/1000, 0) ), "")} -> STONES | J62: {=IFERROR( INDEX($A$99:$A$106, MATCH( LARGE( INDEX($E$99:$V$106, 0, COLUMN()-4) + ROW($A$99:$A$106)/1000, ROW(F5) ), INDEX($E$99:$V$106, 0, COLUMN()-4) + ROW($A$99:$A$106)/1000, 0) ), "")} -> LAING | K62: {=IFERROR( INDEX($A$99:$A$106, MATCH( LARGE( INDEX($E$99:$V$106, 0, COLUMN()-4) + ROW($A$99:$A$106)/1000, ROW(G5) ), INDEX($E$99:$V$106, 0, COLUMN()-4) + ROW($A$99:$A$106)/1000, 0) ), "")} -> DONOVAN | L62: {=IFERROR( INDEX($A$99:$A$106, MATCH( LARGE( INDEX($E$99:$V$106, 0, COLUMN()-4) + ROW($A$99:$A$106)/1000, ROW(H5) ), INDEX($E$99:$V$106, 0, COLUMN()-4) + ROW($A$99:$A$106)/1000, 0) ), "")} -> DONOVAN | ... V62: {=IFERROR( INDEX($A$99:$A$106, MATCH( LARGE( INDEX($E$99:$V$106, 0, COLUMN()-4) + ROW($A$99:$A$106)/1000, ROW(R5) ), INDEX($E$99:$V$106, 0, COLUMN()-4) + ROW($A$99:$A$106)/1000, 0) ), "")} -> FINDLAY
A63: =A47 -> LAING | B63: ='RND 2 MP'!U61 -> 21 | E63: {=IFERROR( INDEX($A$99:$A$106, MATCH( LARGE( INDEX($E$99:$V$106, 0, COLUMN()-4) + ROW($A$99:$A$106)/1000, ROW(A6) ), INDEX($E$99:$V$106, 0, COLUMN()-4) + ROW($A$99:$A$106)/1000, 0) ), "")} -> LAING | F63: {=IFERROR( INDEX($A$99:$A$106, MATCH( LARGE( INDEX($E$99:$V$106, 0, COLUMN()-4) + ROW($A$99:$A$106)/1000, ROW(B6) ), INDEX($E$99:$V$106, 0, COLUMN()-4) + ROW($A$99:$A$106)/1000, 0) ), "")} -> LAING | G63: {=IFERROR( INDEX($A$99:$A$106, MATCH( LARGE( INDEX($E$99:$V$106, 0, COLUMN()-4) + ROW($A$99:$A$106)/1000, ROW(C6) ), INDEX($E$99:$V$106, 0, COLUMN()-4) + ROW($A$99:$A$106)/1000, 0) ), "")} -> REILLY | H63: {=IFERROR( INDEX($A$99:$A$106, MATCH( LARGE( INDEX($E$99:$V$106, 0, COLUMN()-4) + ROW($A$99:$A$106)/1000, ROW(D6) ), INDEX($E$99:$V$106, 0, COLUMN()-4) + ROW($A$99:$A$106)/1000, 0) ), "")} -> REILLY | I63: {=IFERROR( INDEX($A$99:$A$106, MATCH( LARGE( INDEX($E$99:$V$106, 0, COLUMN()-4) + ROW($A$99:$A$106)/1000, ROW(E6) ), INDEX($E$99:$V$106, 0, COLUMN()-4) + ROW($A$99:$A$106)/1000, 0) ), "")} -> REILLY | J63: {=IFERROR( INDEX($A$99:$A$106, MATCH( LARGE( INDEX($E$99:$V$106, 0, COLUMN()-4) + ROW($A$99:$A$106)/1000, ROW(F6) ), INDEX($E$99:$V$106, 0, COLUMN()-4) + ROW($A$99:$A$106)/1000, 0) ), "")} -> DONOVAN | K63: {=IFERROR( INDEX($A$99:$A$106, MATCH( LARGE( INDEX($E$99:$V$106, 0, COLUMN()-4) + ROW($A$99:$A$106)/1000, ROW(G6) ), INDEX($E$99:$V$106, 0, COLUMN()-4) + ROW($A$99:$A$106)/1000, 0) ), "")} -> STONES | L63: {=IFERROR( INDEX($A$99:$A$106, MATCH( LARGE( INDEX($E$99:$V$106, 0, COLUMN()-4) + ROW($A$99:$A$106)/1000, ROW(H6) ), INDEX($E$99:$V$106, 0, COLUMN()-4) + ROW($A$99:$A$106)/1000, 0) ), "")} -> STONES | ... V63: {=IFERROR( INDEX($A$99:$A$106, MATCH( LARGE( INDEX($E$99:$V$106, 0, COLUMN()-4) + ROW($A$99:$A$106)/1000, ROW(R6) ), INDEX($E$99:$V$106, 0, COLUMN()-4) + ROW($A$99:$A$106)/1000, 0) ), "")} -> DONOVAN
A64: =A48 -> REILLY | B64: ='RND 2 MP'!U62 -> 12 | E64: {=IFERROR( INDEX($A$99:$A$106, MATCH( LARGE( INDEX($E$99:$V$106, 0, COLUMN()-4) + ROW($A$99:$A$106)/1000, ROW(A7) ), INDEX($E$99:$V$106, 0, COLUMN()-4) + ROW($A$99:$A$106)/1000, 0) ), "")} -> DEY | F64: {=IFERROR( INDEX($A$99:$A$106, MATCH( LARGE( INDEX($E$99:$V$106, 0, COLUMN()-4) + ROW($A$99:$A$106)/1000, ROW(B7) ), INDEX($E$99:$V$106, 0, COLUMN()-4) + ROW($A$99:$A$106)/1000, 0) ), "")} -> DONOVAN | G64: {=IFERROR( INDEX($A$99:$A$106, MATCH( LARGE( INDEX($E$99:$V$106, 0, COLUMN()-4) + ROW($A$99:$A$106)/1000, ROW(C7) ), INDEX($E$99:$V$106, 0, COLUMN()-4) + ROW($A$99:$A$106)/1000, 0) ), "")} -> DEY | H64: {=IFERROR( INDEX($A$99:$A$106, MATCH( LARGE( INDEX($E$99:$V$106, 0, COLUMN()-4) + ROW($A$99:$A$106)/1000, ROW(D7) ), INDEX($E$99:$V$106, 0, COLUMN()-4) + ROW($A$99:$A$106)/1000, 0) ), "")} -> DEY | I64: {=IFERROR( INDEX($A$99:$A$106, MATCH( LARGE( INDEX($E$99:$V$106, 0, COLUMN()-4) + ROW($A$99:$A$106)/1000, ROW(E7) ), INDEX($E$99:$V$106, 0, COLUMN()-4) + ROW($A$99:$A$106)/1000, 0) ), "")} -> DEY | J64: {=IFERROR( INDEX($A$99:$A$106, MATCH( LARGE( INDEX($E$99:$V$106, 0, COLUMN()-4) + ROW($A$99:$A$106)/1000, ROW(F7) ), INDEX($E$99:$V$106, 0, COLUMN()-4) + ROW($A$99:$A$106)/1000, 0) ), "")} -> STONES | K64: {=IFERROR( INDEX($A$99:$A$106, MATCH( LARGE( INDEX($E$99:$V$106, 0, COLUMN()-4) + ROW($A$99:$A$106)/1000, ROW(G7) ), INDEX($E$99:$V$106, 0, COLUMN()-4) + ROW($A$99:$A$106)/1000, 0) ), "")} -> LAING | L64: {=IFERROR( INDEX($A$99:$A$106, MATCH( LARGE( INDEX($E$99:$V$106, 0, COLUMN()-4) + ROW($A$99:$A$106)/1000, ROW(H7) ), INDEX($E$99:$V$106, 0, COLUMN()-4) + ROW($A$99:$A$106)/1000, 0) ), "")} -> REILLY | ... V64: {=IFERROR( INDEX($A$99:$A$106, MATCH( LARGE( INDEX($E$99:$V$106, 0, COLUMN()-4) + ROW($A$99:$A$106)/1000, ROW(R7) ), INDEX($E$99:$V$106, 0, COLUMN()-4) + ROW($A$99:$A$106)/1000, 0) ), "")} -> DEY
A65: =A49 -> STONES | B65: ='RND 2 MP'!U63 -> 10 | E65: {=IFERROR( INDEX($A$99:$A$106, MATCH( LARGE( INDEX($E$99:$V$106, 0, COLUMN()-4) + ROW($A$99:$A$106)/1000, ROW(A8) ), INDEX($E$99:$V$106, 0, COLUMN()-4) + ROW($A$99:$A$106)/1000, 0) ), "")} -> BELLIS | F65: {=IFERROR( INDEX($A$99:$A$106, MATCH( LARGE( INDEX($E$99:$V$106, 0, COLUMN()-4) + ROW($A$99:$A$106)/1000, ROW(B8) ), INDEX($E$99:$V$106, 0, COLUMN()-4) + ROW($A$99:$A$106)/1000, 0) ), "")} -> DEY | G65: {=IFERROR( INDEX($A$99:$A$106, MATCH( LARGE( INDEX($E$99:$V$106, 0, COLUMN()-4) + ROW($A$99:$A$106)/1000, ROW(C8) ), INDEX($E$99:$V$106, 0, COLUMN()-4) + ROW($A$99:$A$106)/1000, 0) ), "")} -> BELLIS | H65: {=IFERROR( INDEX($A$99:$A$106, MATCH( LARGE( INDEX($E$99:$V$106, 0, COLUMN()-4) + ROW($A$99:$A$106)/1000, ROW(D8) ), INDEX($E$99:$V$106, 0, COLUMN()-4) + ROW($A$99:$A$106)/1000, 0) ), "")} -> BELLIS | I65: {=IFERROR( INDEX($A$99:$A$106, MATCH( LARGE( INDEX($E$99:$V$106, 0, COLUMN()-4) + ROW($A$99:$A$106)/1000, ROW(E8) ), INDEX($E$99:$V$106, 0, COLUMN()-4) + ROW($A$99:$A$106)/1000, 0) ), "")} -> BELLIS | J65: {=IFERROR( INDEX($A$99:$A$106, MATCH( LARGE( INDEX($E$99:$V$106, 0, COLUMN()-4) + ROW($A$99:$A$106)/1000, ROW(F8) ), INDEX($E$99:$V$106, 0, COLUMN()-4) + ROW($A$99:$A$106)/1000, 0) ), "")} -> BELLIS | K65: {=IFERROR( INDEX($A$99:$A$106, MATCH( LARGE( INDEX($E$99:$V$106, 0, COLUMN()-4) + ROW($A$99:$A$106)/1000, ROW(G8) ), INDEX($E$99:$V$106, 0, COLUMN()-4) + ROW($A$99:$A$106)/1000, 0) ), "")} -> BELLIS | L65: {=IFERROR( INDEX($A$99:$A$106, MATCH( LARGE( INDEX($E$99:$V$106, 0, COLUMN()-4) + ROW($A$99:$A$106)/1000, ROW(H8) ), INDEX($E$99:$V$106, 0, COLUMN()-4) + ROW($A$99:$A$106)/1000, 0) ), "")} -> BELLIS | ... V65: {=IFERROR( INDEX($A$99:$A$106, MATCH( LARGE( INDEX($E$99:$V$106, 0, COLUMN()-4) + ROW($A$99:$A$106)/1000, ROW(R8) ), INDEX($E$99:$V$106, 0, COLUMN()-4) + ROW($A$99:$A$106)/1000, 0) ), "")} -> BELLIS
A72: Round 2 - Overall Table
D73: Round 1 | E73: Round 2 | F73: Total
A74: ='OVERALL CALC'!Q39 -> 1ST | B74: ='OVERALL CALC'!R39 -> ⬆ | C74: ='OVERALL CALC'!S39 -> FINDLAY | D74: ='OVERALL CALC'!T39 -> 15 | E74: ='OVERALL CALC'!U39 -> 22.5 | F74: ='OVERALL CALC'!V39 -> 37.5
A75: ='OVERALL CALC'!Q40 -> 2ND | B75: ='OVERALL CALC'!R40 -> ⬆ | C75: ='OVERALL CALC'!S40 -> HOLLANDS | D75: ='OVERALL CALC'!T40 -> 12 | E75: ='OVERALL CALC'!U40 -> 22.5 | F75: ='OVERALL CALC'!V40 -> 34.5
A76: ='OVERALL CALC'!Q41 -> 3RD | B76: ='OVERALL CALC'!R41 -> ⬇ | C76: ='OVERALL CALC'!S41 -> STONES | D76: ='OVERALL CALC'!T41 -> 24 | E76: ='OVERALL CALC'!U41 -> 7.5 | F76: ='OVERALL CALC'!V41 -> 31.5
A77: ='OVERALL CALC'!Q42 -> 4TH | B77: ='OVERALL CALC'!R42 -> ⬇ | C77: ='OVERALL CALC'!S42 -> REILLY | D77: ='OVERALL CALC'!T42 -> 18 | E77: ='OVERALL CALC'!U42 -> 12 | F77: ='OVERALL CALC'!V42 -> 30
A78: ='OVERALL CALC'!Q43 -> 5TH | B78: ='OVERALL CALC'!R43 -> ⬆ | C78: ='OVERALL CALC'!S43 -> DONOVAN | D78: ='OVERALL CALC'!T43 -> 7.5 | E78: ='OVERALL CALC'!U43 -> 18 | F78: ='OVERALL CALC'!V43 -> 25.5
A79: ='OVERALL CALC'!Q44 -> 6TH | B79: ='OVERALL CALC'!R44 -> ⬇ | C79: ='OVERALL CALC'!S44 -> BELLIS | D79: ='OVERALL CALC'!T44 -> 21 | E79: ='OVERALL CALC'!U44 -> 3 | F79: ='OVERALL CALC'!V44 -> 24
A80: ='OVERALL CALC'!Q45 -> 7TH | B80: ='OVERALL CALC'!R45 -> ⬆ | C80: ='OVERALL CALC'!S45 -> LAING | D80: ='OVERALL CALC'!T45 -> 3 | E80: ='OVERALL CALC'!U45 -> 15 | F80: ='OVERALL CALC'!V45 -> 18
A81: ='OVERALL CALC'!Q46 -> 8TH | B81: ='OVERALL CALC'!R46 -> ⬇ | C81: ='OVERALL CALC'!S46 -> DEY | D81: ='OVERALL CALC'!T46 -> 7.5 | E81: ='OVERALL CALC'!U46 -> 7.5 | F81: ='OVERALL CALC'!V46 -> 15
A99: ='RND 2 MP'!A56 -> BELLIS | B99: ='RND 2 MP'!B56 -> 18 | E99: ='RND 2 MP'!C56 -> 0 | F99: ='RND 2 MP'!D56 -> 3 | G99: ='RND 2 MP'!E56 -> 0 | H99: ='RND 2 MP'!F56 -> 0 | I99: ='RND 2 MP'!G56 -> 0 | J99: ='RND 2 MP'!H56 -> 0 | K99: ='RND 2 MP'!I56 -> 0 | L99: ='RND 2 MP'!J56 -> 0 | ... V99: ='RND 2 MP'!T56 -> 0
A100: ='RND 2 MP'!A57 -> DEY | B100: ='RND 2 MP'!B57 -> 18 | E100: ='RND 2 MP'!C57 -> 1 | F100: ='RND 2 MP'!D57 -> 0 | G100: ='RND 2 MP'!E57 -> 0 | H100: ='RND 2 MP'!F57 -> 0 | I100: ='RND 2 MP'!G57 -> 0 | J100: ='RND 2 MP'!H57 -> 3 | K100: ='RND 2 MP'!I57 -> 3 | L100: ='RND 2 MP'!J57 -> 3 | ... V100: ='RND 2 MP'!T57 -> 0
A101: ='RND 2 MP'!A58 -> DONOVAN | B101: ='RND 2 MP'!B58 -> 18 | E101: ='RND 2 MP'!C58 -> 2 | F101: ='RND 2 MP'!D58 -> 0 | G101: ='RND 2 MP'!E58 -> 3 | H101: ='RND 2 MP'!F58 -> 3 | I101: ='RND 2 MP'!G58 -> 1 | J101: ='RND 2 MP'!H58 -> 1 | K101: ='RND 2 MP'!I58 -> 1 | L101: ='RND 2 MP'!J58 -> 1 | ... V101: ='RND 2 MP'!T58 -> 0
A102: ='RND 2 MP'!A59 -> FINDLAY | B102: ='RND 2 MP'!B59 -> 18 | E102: ='RND 2 MP'!C59 -> 3 | F102: ='RND 2 MP'!D59 -> 2 | G102: ='RND 2 MP'!E59 -> 1 | H102: ='RND 2 MP'!F59 -> 2 | I102: ='RND 2 MP'!G59 -> 3 | J102: ='RND 2 MP'!H59 -> 2 | K102: ='RND 2 MP'!I59 -> 2 | L102: ='RND 2 MP'!J59 -> 3 | ... V102: ='RND 2 MP'!T59 -> 0
A103: ='RND 2 MP'!A60 -> HOLLANDS | B103: ='RND 2 MP'!B60 -> 18 | E103: ='RND 2 MP'!C60 -> 3 | F103: ='RND 2 MP'!D60 -> 2 | G103: ='RND 2 MP'!E60 -> 1 | H103: ='RND 2 MP'!F60 -> 2 | I103: ='RND 2 MP'!G60 -> 3 | J103: ='RND 2 MP'!H60 -> 2 | K103: ='RND 2 MP'!I60 -> 2 | L103: ='RND 2 MP'!J60 -> 3 | ... V103: ='RND 2 MP'!T60 -> 0
A104: ='RND 2 MP'!A61 -> LAING | B104: ='RND 2 MP'!B61 -> 18 | E104: ='RND 2 MP'!C61 -> 1 | F104: ='RND 2 MP'!D61 -> 0 | G104: ='RND 2 MP'!E61 -> 2 | H104: ='RND 2 MP'!F61 -> 1 | I104: ='RND 2 MP'!G61 -> 2 | J104: ='RND 2 MP'!H61 -> 1 | K104: ='RND 2 MP'!I61 -> 0 | L104: ='RND 2 MP'!J61 -> 2 | ... V104: ='RND 2 MP'!T61 -> 1
A105: ='RND 2 MP'!A62 -> REILLY | B105: ='RND 2 MP'!B62 -> 18 | E105: ='RND 2 MP'!C62 -> 1 | F105: ='RND 2 MP'!D62 -> 0 | G105: ='RND 2 MP'!E62 -> 0 | H105: ='RND 2 MP'!F62 -> 0 | I105: ='RND 2 MP'!G62 -> 0 | J105: ='RND 2 MP'!H62 -> 3 | K105: ='RND 2 MP'!I62 -> 3 | L105: ='RND 2 MP'!J62 -> 0 | ... V105: ='RND 2 MP'!T62 -> 2
A106: ='RND 2 MP'!A63 -> STONES | B106: ='RND 2 MP'!B63 -> 18 | E106: ='RND 2 MP'!C63 -> 1 | F106: ='RND 2 MP'!D63 -> 1 | G106: ='RND 2 MP'!E63 -> 0 | H106: ='RND 2 MP'!F63 -> 0 | I106: ='RND 2 MP'!G63 -> 0 | J106: ='RND 2 MP'!H63 -> 0 | K106: ='RND 2 MP'!I63 -> 0 | L106: ='RND 2 MP'!J63 -> 0 | ... V106: ='RND 2 MP'!T63 -> 3

Sheet RND 2 MP
A1: ROUND 2 SCORECARD & POINTS Blue Canyon | Y1: TOURNAMENT RANKER
A4: PLAYERS | B4: HCP | C4: 1 | D4: 2 | E4: 3 | F4: 4 | G4: 5 | H4: 6 | I4: 7 | J4: 8 | K4: 9 | L4: 10 | M4: 11 | N4: 12 | O4: 13 | P4: 14 | Q4: 15 | R4: 16 | S4: 17 | T4: 18 | U4: TOTAL | V4: SCORECARD | Y4: =A7 -> BELLIS | Z4: =U56 -> 5 | AA4: =RANK(Z4,$Z$4:$Z$11,0) -> 8 | AD4: =IF(AA4=1,24,0)+(IF(AA4=2,21,0))+(IF(AA4=3,18,0))+(IF(AA4=4,15,0))+(IF(AA4=5,12,0))+(IF(AA4=6,9,0))+(IF(AA4=7,6,0))+(IF(AA4=8,3,0)) -> 3 | AE4: =COUNTIF($AD$4:$AD$11,AD4) -> 1 | AF4: =SUMIF($AD$4:$AD$11,AD4) -> 3 | AG4: =IF(AE4=3,AF4/3-3,0)+IF(AE4=2,AF4/2-1.5,0)+IF(AE4=1,AF4,0)+IF(AE4=4,AF4/4-4.5,0)+IF(AE4=5,AF4/5-6,0)+IF(AE4=6,AF4/6-7.5,0)+IF(AE4=7,AF4/7-9,0)+IF(AE4=8,AF4/8-10.5,0) -> 3
C5: 4 | D5: 3 | E5: 4 | F5: 4 | G5: 4 | H5: 5 | I5: 3 | J5: 4 | K5: 5 | L5: 4 | M5: 5 | N5: 4 | O5: 4 | P5: 3 | Q5: 5 | R5: 4 | S5: 3 | T5: 4 | Y5: =A8 -> DEY | Z5: =U57 -> 10 | AA5: =RANK(Z5,$Z$4:$Z$11,0) -> 6 | AD5: =IF(AA5=1,24,0)+(IF(AA5=2,21,0))+(IF(AA5=3,18,0))+(IF(AA5=4,15,0))+(IF(AA5=5,12,0))+(IF(AA5=6,9,0))+(IF(AA5=7,6,0))+(IF(AA5=8,3,0)) -> 9 | AE5: =COUNTIF($AD$4:$AD$11,AD5) -> 2 | AF5: =SUMIF($AD$4:$AD$11,AD5) -> 18 | AG5: =IF(AE5=3,AF5/3-3,0)+IF(AE5=2,AF5/2-1.5,0)+IF(AE5=1,AF5,0)+IF(AE5=4,AF5/4-4.5,0)+IF(AE5=5,AF5/5-6,0)+IF(AE5=6,AF5/6-7.5,0)+IF(AE5=7,AF5/7-9,0)+IF(AE5=8,AF5/8-10.5,0) -> 7.5
C6: 16 | D6: 8 | E6: 2 | F6: 18 | G6: 4 | H6: 12 | I6: 6 | J6: 10 | K6: 14 | L6: 11 | M6: 1 | N6: 5 | O6: 15 | P6: 13 | Q6: 7 | R6: 17 | S6: 3 | T6: 9 | Y6: =A9 -> DONOVAN | Z6: =U58 -> 32 | AA6: =RANK(Z6,$Z$4:$Z$11,0) -> 3 | AD6: =IF(AA6=1,24,0)+(IF(AA6=2,21,0))+(IF(AA6=3,18,0))+(IF(AA6=4,15,0))+(IF(AA6=5,12,0))+(IF(AA6=6,9,0))+(IF(AA6=7,6,0))+(IF(AA6=8,3,0)) -> 18 | AE6: =COUNTIF($AD$4:$AD$11,AD6) -> 1 | AF6: =SUMIF($AD$4:$AD$11,AD6) -> 18 | AG6: =IF(AE6=3,AF6/3-3,0)+IF(AE6=2,AF6/2-1.5,0)+IF(AE6=1,AF6,0)+IF(AE6=4,AF6/4-4.5,0)+IF(AE6=5,AF6/5-6,0)+IF(AE6=6,AF6/6-7.5,0)+IF(AE6=7,AF6/7-9,0)+IF(AE6=8,AF6/8-10.5,0) -> 18
A7: BELLIS | B7: 18 | C7: 8 | D7: 2 | E7: 8 | F7: 8 | G7: 8 | H7: 8 | I7: 8 | J7: 8 | K7: 2 | L7: 8 | M7: 8 | N7: 8 | O7: 8 | P7: 8 | Q7: 8 | R7: 8 | S7: 8 | T7: 9 | U7: =SUM(C7:T7) -> 133 | Y7: =A10 -> FINDLAY | Z7: =U59 -> 39 | AA7: =RANK(Z7,$Z$4:$Z$11,0) -> 1 | AD7: =IF(AA7=1,24,0)+(IF(AA7=2,21,0))+(IF(AA7=3,18,0))+(IF(AA7=4,15,0))+(IF(AA7=5,12,0))+(IF(AA7=6,9,0))+(IF(AA7=7,6,0))+(IF(AA7=8,3,0)) -> 24 | AE7: =COUNTIF($AD$4:$AD$11,AD7) -> 2 | AF7: =SUMIF($AD$4:$AD$11,AD7) -> 48 | AG7: =IF(AE7=3,AF7/3-3,0)+IF(AE7=2,AF7/2-1.5,0)+IF(AE7=1,AF7,0)+IF(AE7=4,AF7/4-4.5,0)+IF(AE7=5,AF7/5-6,0)+IF(AE7=6,AF7/6-7.5,0)+IF(AE7=7,AF7/7-9,0)+IF(AE7=8,AF7/8-10.5,0) -> 22.5
A8: DEY | B8: 18 | C8: 7 | D8: 7 | E8: 7 | F8: 7 | G8: 7 | H8: 1 | I8: 1 | J8: 1 | K8: 9 | L8: 9 | M8: 9 | N8: 9 | O8: 9 | P8: 9 | Q8: 9 | R8: 9 | S8: 9 | T8: 9 | U8: =SUM(C8:T8) -> 128 | Y8: =A11 -> HOLLANDS | Z8: =U60 -> 39 | AA8: =RANK(Z8,$Z$4:$Z$11,0) -> 1 | AD8: =IF(AA8=1,24,0)+(IF(AA8=2,21,0))+(IF(AA8=3,18,0))+(IF(AA8=4,15,0))+(IF(AA8=5,12,0))+(IF(AA8=6,9,0))+(IF(AA8=7,6,0))+(IF(AA8=8,3,0)) -> 24 | AE8: =COUNTIF($AD$4:$AD$11,AD8) -> 2 | AF8: =SUMIF($AD$4:$AD$11,AD8) -> 48 | AG8: =IF(AE8=3,AF8/3-3,0)+IF(AE8=2,AF8/2-1.5,0)+IF(AE8=1,AF8,0)+IF(AE8=4,AF8/4-4.5,0)+IF(AE8=5,AF8/5-6,0)+IF(AE8=6,AF8/6-7.5,0)+IF(AE8=7,AF8/7-9,0)+IF(AE8=8,AF8/8-10.5,0) -> 22.5
A9: DONOVAN | B9: 18 | C9: 4 | D9: 9 | E9: 3 | F9: 2 | G9: 4 | H9: 4 | I9: 4 | J9: 4 | K9: 4 | L9: 4 | M9: 4 | N9: 4 | O9: 4 | P9: 4 | Q9: 4 | R9: 4 | S9: 4 | T9: 8 | U9: =SUM(C9:T9) -> 78 | Y9: =A12 -> LAING | Z9: =U61 -> 21 | AA9: =RANK(Z9,$Z$4:$Z$11,0) -> 4 | AD9: =IF(AA9=1,24,0)+(IF(AA9=2,21,0))+(IF(AA9=3,18,0))+(IF(AA9=4,15,0))+(IF(AA9=5,12,0))+(IF(AA9=6,9,0))+(IF(AA9=7,6,0))+(IF(AA9=8,3,0)) -> 15 | AE9: =COUNTIF($AD$4:$AD$11,AD9) -> 1 | AF9: =SUMIF($AD$4:$AD$11,AD9) -> 15 | AG9: =IF(AE9=3,AF9/3-3,0)+IF(AE9=2,AF9/2-1.5,0)+IF(AE9=1,AF9,0)+IF(AE9=4,AF9/4-4.5,0)+IF(AE9=5,AF9/5-6,0)+IF(AE9=6,AF9/6-7.5,0)+IF(AE9=7,AF9/7-9,0)+IF(AE9=8,AF9/8-10.5,0) -> 15
A10: FINDLAY | B10: 18 | C10: 2 | D10: 3 | E10: 6 | F10: 3 | G10: 2 | H10: 2 | I10: 2 | J10: 1 | K10: 4 | L10: 2 | M10: 2 | N10: 2 | O10: 2 | P10: 2 | Q10: 6 | R10: 6 | S10: 6 | T10: 7 | U10: =SUM(C10:T10) -> 60 | Y10: =A13 -> REILLY | Z10: =U62 -> 12 | AA10: =RANK(Z10,$Z$4:$Z$11,0) -> 5 | AD10: =IF(AA10=1,24,0)+(IF(AA10=2,21,0))+(IF(AA10=3,18,0))+(IF(AA10=4,15,0))+(IF(AA10=5,12,0))+(IF(AA10=6,9,0))+(IF(AA10=7,6,0))+(IF(AA10=8,3,0)) -> 12 | AE10: =COUNTIF($AD$4:$AD$11,AD10) -> 1 | AF10: =SUMIF($AD$4:$AD$11,AD10) -> 12 | AG10: =IF(AE10=3,AF10/3-3,0)+IF(AE10=2,AF10/2-1.5,0)+IF(AE10=1,AF10,0)+IF(AE10=4,AF10/4-4.5,0)+IF(AE10=5,AF10/5-6,0)+IF(AE10=6,AF10/6-7.5,0)+IF(AE10=7,AF10/7-9,0)+IF(AE10=8,AF10/8-10.5,0) -> 12
A11: HOLLANDS | B11: 18 | C11: 2 | D11: 3 | E11: 6 | F11: 3 | G11: 2 | H11: 2 | I11: 2 | J11: 1 | K11: 4 | L11: 2 | M11: 2 | N11: 2 | O11: 2 | P11: 2 | Q11: 6 | R11: 6 | S11: 6 | T11: 7 | U11: =SUM(C11:T11) -> 60 | Y11: =A14 -> STONES | Z11: =U63 -> 10 | AA11: =RANK(Z11,$Z$4:$Z$11,0) -> 6 | AD11: =IF(AA11=1,24,0)+(IF(AA11=2,21,0))+(IF(AA11=3,18,0))+(IF(AA11=4,15,0))+(IF(AA11=5,12,0))+(IF(AA11=6,9,0))+(IF(AA11=7,6,0))+(IF(AA11=8,3,0)) -> 9 | AE11: =COUNTIF($AD$4:$AD$11,AD11) -> 2 | AF11: =SUMIF($AD$4:$AD$11,AD11) -> 18 | AG11: =IF(AE11=3,AF11/3-3,0)+IF(AE11=2,AF11/2-1.5,0)+IF(AE11=1,AF11,0)+IF(AE11=4,AF11/4-4.5,0)+IF(AE11=5,AF11/5-6,0)+IF(AE11=6,AF11/6-7.5,0)+IF(AE11=7,AF11/7-9,0)+IF(AE11=8,AF11/8-10.5,0) -> 7.5
A12: LAING | B12: 18 | C12: 7 | D12: 6 | E12: 4 | F12: 4 | G12: 3 | H12: 4 | I12: 7 | J12: 2 | K12: 4 | L12: 5 | M12: 5 | N12: 5 | O12: 5 | P12: 5 | Q12: 5 | R12: 6 | S12: 7 | T12: 6 | U12: =SUM(C12:T12) -> 90
A13: REILLY | B13: 18 | C13: 7 | D13: 5 | E13: 7 | F13: 7 | G13: 7 | H13: 1 | I13: 1 | J13: 7 | K13: 7 | L13: 7 | M13: 7 | N13: 7 | O13: 7 | P13: 7 | Q13: 7 | R13: 6 | S13: 7 | T13: 5 | U13: =SUM(C13:T13) -> 109
A14: STONES | B14: 18 | C14: 7 | D14: 4 | E14: 7 | F14: 7 | G14: 7 | H14: 7 | I14: 7 | J14: 7 | K14: 1 | L14: 7 | M14: 7 | N14: 7 | O14: 7 | P14: 7 | Q14: 7 | R14: 7 | S14: 7 | T14: 4 | U14: =SUM(C14:T14) -> 114 | Y14: =Y4 -> BELLIS | Z14: =Z4 -> 5 | AA14: =AG4 -> 3 | AB14: =RANK(Z14,$Z$14:$Z$21,0)+COUNTIF($Z$14:Z14,Z14)-1 -> 8 | AD14: 1 | AE14: =INDEX($Y$14:$AB$21,MATCH(AD14,$AB$14:$AB$21,0),1) -> FINDLAY | AF14: =INDEX($Y$14:$AB$21,MATCH(AD14,$AB$14:$AB$21,0),2) -> 39 | AG14: =INDEX($Y$14:$AB$21,MATCH(AD14,$AB$14:$AB$21,0),3) -> 22.5
Y15: =Y5 -> DEY | Z15: =Z5 -> 10 | AA15: =AG5 -> 7.5 | AB15: =RANK(Z15,$Z$14:$Z$21,0)+COUNTIF($Z$14:Z15,Z15)-1 -> 6 | AD15: 2 | AE15: =INDEX($Y$14:$AB$21,MATCH(AD15,$AB$14:$AB$21,0),1) -> HOLLANDS | AF15: =INDEX($Y$14:$AB$21,MATCH(AD15,$AB$14:$AB$21,0),2) -> 39 | AG15: =INDEX($Y$14:$AB$21,MATCH(AD15,$AB$14:$AB$21,0),3) -> 22.5
C16: =C4 -> 1 | D16: =D4 -> 2 | E16: =E4 -> 3 | F16: =F4 -> 4 | G16: =G4 -> 5 | H16: =H4 -> 6 | I16: =I4 -> 7 | J16: =J4 -> 8 | ... T16: =T4 -> 18 | U16: TOTAL | V16: HCP STRKS | Y16: =Y6 -> DONOVAN | Z16: =Z6 -> 32 | AA16: =AG6 -> 18 | AB16: =RANK(Z16,$Z$14:$Z$21,0)+COUNTIF($Z$14:Z16,Z16)-1 -> 3 | AD16: 3 | AE16: =INDEX($Y$14:$AB$21,MATCH(AD16,$AB$14:$AB$21,0),1) -> DONOVAN | AF16: =INDEX($Y$14:$AB$21,MATCH(AD16,$AB$14:$AB$21,0),2) -> 32 | AG16: =INDEX($Y$14:$AB$21,MATCH(AD16,$AB$14:$AB$21,0),3) -> 18
C17: =C5 -> 4 | D17: =D5 -> 3 | E17: =E5 -> 4 | F17: =F5 -> 4 | G17: =G5 -> 4 | H17: =H5 -> 5 | I17: =I5 -> 3 | J17: =J5 -> 4 | ... T17: =T5 -> 4 | Y17: =Y7 -> FINDLAY | Z17: =Z7 -> 39 | AA17: =AG7 -> 22.5 | AB17: =RANK(Z17,$Z$14:$Z$21,0)+COUNTIF($Z$14:Z17,Z17)-1 -> 1 | AD17: 4 | AE17: =INDEX($Y$14:$AB$21,MATCH(AD17,$AB$14:$AB$21,0),1) -> LAING | AF17: =INDEX($Y$14:$AB$21,MATCH(AD17,$AB$14:$AB$21,0),2) -> 21 | AG17: =INDEX($Y$14:$AB$21,MATCH(AD17,$AB$14:$AB$21,0),3) -> 15
C18: =C6 -> 16 | D18: =D6 -> 8 | E18: =E6 -> 2 | F18: =F6 -> 18 | G18: =G6 -> 4 | H18: =H6 -> 12 | I18: =I6 -> 6 | J18: =J6 -> 10 | ... T18: =T6 -> 9 | Y18: =Y8 -> HOLLANDS | Z18: =Z8 -> 39 | AA18: =AG8 -> 22.5 | AB18: =RANK(Z18,$Z$14:$Z$21,0)+COUNTIF($Z$14:Z18,Z18)-1 -> 2 | AD18: 5 | AE18: =INDEX($Y$14:$AB$21,MATCH(AD18,$AB$14:$AB$21,0),1) -> REILLY | AF18: =INDEX($Y$14:$AB$21,MATCH(AD18,$AB$14:$AB$21,0),2) -> 12 | AG18: =INDEX($Y$14:$AB$21,MATCH(AD18,$AB$14:$AB$21,0),3) -> 12
A19: BELLIS | B19: =B7 -> 18 | C19: =IF($B$19>=C18,"●","")&(IF($B$19-18>=C18,"●","")) -> ● | D19: =IF($B$19>=D18,"●","")&(IF($B$19-18>=D18,"●","")) -> ● | E19: =IF($B$19>=E18,"●","")&(IF($B$19-18>=E18,"●","")) -> ● | F19: =IF($B$19>=F18,"●","")&(IF($B$19-18>=F18,"●","")) -> ● | G19: =IF($B$19>=G18,"●","")&(IF($B$19-18>=G18,"●","")) -> ● | H19: =IF($B$19>=H18,"●","")&(IF($B$19-18>=H18,"●","")) -> ● | I19: =IF($B$19>=I18,"●","")&(IF($B$19-18>=I18,"●","")) -> ● | J19: =IF($B$19>=J18,"●","")&(IF($B$19-18>=J18,"●","")) -> ● | ... T19: =IF($B$19>=T18,"●","")&(IF($B$19-18>=T18,"●","")) -> ● | Y19: =Y9 -> LAING | Z19: =Z9 -> 21 | AA19: =AG9 -> 15 | AB19: =RANK(Z19,$Z$14:$Z$21,0)+COUNTIF($Z$14:Z19,Z19)-1 -> 4 | AD19: 6 | AE19: =INDEX($Y$14:$AB$21,MATCH(AD19,$AB$14:$AB$21,0),1) -> DEY | AF19: =INDEX($Y$14:$AB$21,MATCH(AD19,$AB$14:$AB$21,0),2) -> 10 | AG19: =INDEX($Y$14:$AB$21,MATCH(AD19,$AB$14:$AB$21,0),3) -> 7.5
A20: DEY | B20: =B8 -> 18 | C20: =IF($B$20>=C18,"●","")&(IF($B$20-18>=C18,"●","")) -> ● | D20: =IF($B$20>=D18,"●","")&(IF($B$20-18>=D18,"●","")) -> ● | E20: =IF($B$20>=E18,"●","")&(IF($B$20-18>=E18,"●","")) -> ● | F20: =IF($B$20>=F18,"●","")&(IF($B$20-18>=F18,"●","")) -> ● | G20: =IF($B$20>=G18,"●","")&(IF($B$20-18>=G18,"●","")) -> ● | H20: =IF($B$20>=H18,"●","")&(IF($B$20-18>=H18,"●","")) -> ● | I20: =IF($B$20>=I18,"●","")&(IF($B$20-18>=I18,"●","")) -> ● | J20: =IF($B$20>=J18,"●","")&(IF($B$20-18>=J18,"●","")) -> ● | ... T20: =IF($B$20>=T18,"●","")&(IF($B$20-18>=T18,"●","")) -> ● | Y20: =Y10 -> REILLY | Z20: =Z10 -> 12 | AA20: =AG10 -> 12 | AB20: =RANK(Z20,$Z$14:$Z$21,0)+COUNTIF($Z$14:Z20,Z20)-1 -> 5 | AD20: 7 | AE20: =INDEX($Y$14:$AB$21,MATCH(AD20,$AB$14:$AB$21,0),1) -> STONES | AF20: =INDEX($Y$14:$AB$21,MATCH(AD20,$AB$14:$AB$21,0),2) -> 10 | AG20: =INDEX($Y$14:$AB$21,MATCH(AD20,$AB$14:$AB$21,0),3) -> 7.5
A21: DONOVAN | B21: =B9 -> 18 | C21: =IF($B$21>=C18,"●","")&(IF($B$21-18>=C18,"●","")) -> ● | D21: =IF($B$21>=D18,"●","")&(IF($B$21-18>=D18,"●","")) -> ● | E21: =IF($B$21>=E18,"●","")&(IF($B$21-18>=E18,"●","")) -> ● | F21: =IF($B$21>=F18,"●","")&(IF($B$21-18>=F18,"●","")) -> ● | G21: =IF($B$21>=G18,"●","")&(IF($B$21-18>=G18,"●","")) -> ● | H21: =IF($B$21>=H18,"●","")&(IF($B$21-18>=H18,"●","")) -> ● | I21: =IF($B$21>=I18,"●","")&(IF($B$21-18>=I18,"●","")) -> ● | J21: =IF($B$21>=J18,"●","")&(IF($B$21-18>=J18,"●","")) -> ● | ... T21: =IF($B$21>=T18,"●","")&(IF($B$21-18>=T18,"●","")) -> ● | Y21: =Y11 -> STONES | Z21: =Z11 -> 10 | AA21: =AG11 -> 7.5 | AB21: =RANK(Z21,$Z$14:$Z$21,0)+COUNTIF($Z$14:Z21,Z21)-1 -> 7 | AD21: 8 | AE21: =INDEX($Y$14:$AB$21,MATCH(AD21,$AB$14:$AB$21,0),1) -> BELLIS | AF21: =INDEX($Y$14:$AB$21,MATCH(AD21,$AB$14:$AB$21,0),2) -> 5 | AG21: =INDEX($Y$14:$AB$21,MATCH(AD21,$AB$14:$AB$21,0),3) -> 3
A22: FINDLAY | B22: =B10 -> 18 | C22: =IF($B$22>=C18,"●","")&(IF($B$22-18>=C18,"●","")) -> ● | D22: =IF($B$22>=D18,"●","")&(IF($B$22-18>=D18,"●","")) -> ● | E22: =IF($B$22>=E18,"●","")&(IF($B$22-18>=E18,"●","")) -> ● | F22: =IF($B$22>=F18,"●","")&(IF($B$22-18>=F18,"●","")) -> ● | G22: =IF($B$22>=G18,"●","")&(IF($B$22-18>=G18,"●","")) -> ● | H22: =IF($B$22>=H18,"●","")&(IF($B$22-18>=H18,"●","")) -> ● | I22: =IF($B$22>=I18,"●","")&(IF($B$22-18>=I18,"●","")) -> ● | J22: =IF($B$22>=J18,"●","")&(IF($B$22-18>=J18,"●","")) -> ● | ... T22: =IF($B$22>=T18,"●","")&(IF($B$22-18>=T18,"●","")) -> ●
A23: HOLLANDS | B23: =B11 -> 18 | C23: =IF($B$23>=C18,"●","")&(IF($B$23-18>=C18,"●","")) -> ● | D23: =IF($B$23>=D18,"●","")&(IF($B$23-18>=D18,"●","")) -> ● | E23: =IF($B$23>=E18,"●","")&(IF($B$23-18>=E18,"●","")) -> ● | F23: =IF($B$23>=F18,"●","")&(IF($B$23-18>=F18,"●","")) -> ● | G23: =IF($B$23>=G18,"●","")&(IF($B$23-18>=G18,"●","")) -> ● | H23: =IF($B$23>=H18,"●","")&(IF($B$23-18>=H18,"●","")) -> ● | I23: =IF($B$23>=I18,"●","")&(IF($B$23-18>=I18,"●","")) -> ● | J23: =IF($B$23>=J18,"●","")&(IF($B$23-18>=J18,"●","")) -> ● | ... T23: =IF($B$23>=T18,"●","")&(IF($B$23-18>=T18,"●","")) -> ●
A24: LAING | B24: =B12 -> 18 | C24: =IF($B$24>=C18,"●","")&(IF($B$24-18>=C18,"●","")) -> ● | D24: =IF($B$24>=D18,"●","")&(IF($B$24-18>=D18,"●","")) -> ● | E24: =IF($B$24>=E18,"●","")&(IF($B$24-18>=E18,"●","")) -> ● | F24: =IF($B$24>=F18,"●","")&(IF($B$24-18>=F18,"●","")) -> ● | G24: =IF($B$24>=G18,"●","")&(IF($B$24-18>=G18,"●","")) -> ● | H24: =IF($B$24>=H18,"●","")&(IF($B$24-18>=H18,"●","")) -> ● | I24: =IF($B$24>=I18,"●","")&(IF($B$24-18>=I18,"●","")) -> ● | J24: =IF($B$24>=J18,"●","")&(IF($B$24-18>=J18,"●","")) -> ● | ... T24: =IF($B$24>=T18,"●","")&(IF($B$24-18>=T18,"●","")) -> ●
A25: REILLY | B25: =B13 -> 18 | C25: =IF($B$25>=C18,"●","")&(IF($B$25-18>=C18,"●","")) -> ● | D25: =IF($B$25>=D18,"●","")&(IF($B$25-18>=D18,"●","")) -> ● | E25: =IF($B$25>=E18,"●","")&(IF($B$25-18>=E18,"●","")) -> ● | F25: =IF($B$25>=F18,"●","")&(IF($B$25-18>=F18,"●","")) -> ● | G25: =IF($B$25>=G18,"●","")&(IF($B$25-18>=G18,"●","")) -> ● | H25: =IF($B$25>=H18,"●","")&(IF($B$25-18>=H18,"●","")) -> ● | I25: =IF($B$25>=I18,"●","")&(IF($B$25-18>=I18,"●","")) -> ● | J25: =IF($B$25>=J18,"●","")&(IF($B$25-18>=J18,"●","")) -> ● | ... T25: =IF($B$25>=T18,"●","")&(IF($B$25-18>=T18,"●","")) -> ●
A26: STONES | B26: =B14 -> 18 | C26: =IF($B$26>=C18,"●","")&(IF($B$26-18>=C18,"●","")) -> ● | D26: =IF($B$26>=D18,"●","")&(IF($B$26-18>=D18,"●","")) -> ● | E26: =IF($B$26>=E18,"●","")&(IF($B$26-18>=E18,"●","")) -> ● | F26: =IF($B$26>=F18,"●","")&(IF($B$26-18>=F18,"●","")) -> ● | G26: =IF($B$26>=G18,"●","")&(IF($B$26-18>=G18,"●","")) -> ● | H26: =IF($B$26>=H18,"●","")&(IF($B$26-18>=H18,"●","")) -> ● | I26: =IF($B$26>=I18,"●","")&(IF($B$26-18>=I18,"●","")) -> ● | J26: =IF($B$26>=J18,"●","")&(IF($B$26-18>=J18,"●","")) -> ● | ... T26: =IF($B$26>=T18,"●","")&(IF($B$26-18>=T18,"●","")) -> ●
C28: =C16 -> 1 | D28: =D16 -> 2 | E28: =E16 -> 3 | F28: =F16 -> 4 | G28: =G16 -> 5 | H28: =H16 -> 6 | I28: =I16 -> 7 | J28: =J16 -> 8 | ... T28: =T16 -> 18 | U28: TOTAL | V28: NET SCORE
C29: =C17 -> 4 | D29: =D17 -> 3 | E29: =E17 -> 4 | F29: =F17 -> 4 | G29: =G17 -> 4 | H29: =H17 -> 5 | I29: =I17 -> 3 | J29: =J17 -> 4 | ... T29: =T17 -> 4
C30: =C18 -> 16 | D30: =D18 -> 8 | E30: =E18 -> 2 | F30: =F18 -> 18 | G30: =G18 -> 4 | H30: =H18 -> 12 | I30: =I18 -> 6 | J30: =J18 -> 10 | ... T30: =T18 -> 9
A31: BELLIS | B31: 8 | C31: =C7+IF(C19="●",-1)+IF(C19="●●",-2) -> 7 | D31: =D7+IF(D19="●",-1)+IF(D19="●●",-2) -> 1 | E31: =E7+IF(E19="●",-1)+IF(E19="●●",-2) -> 7 | F31: =F7+IF(F19="●",-1)+IF(F19="●●",-2) -> 7 | G31: =G7+IF(G19="●",-1)+IF(G19="●●",-2) -> 7 | H31: =H7+IF(H19="●",-1)+IF(H19="●●",-2) -> 7 | I31: =I7+IF(I19="●",-1)+IF(I19="●●",-2) -> 7 | J31: =J7+IF(J19="●",-1)+IF(J19="●●",-2) -> 7 | ... T31: =T7+IF(T19="●",-1)+IF(T19="●●",-2) -> 8 | U31: =SUM(C31:T31) -> 115
A32: DEY | B32: 17 | C32: =C8+IF(C20="●",-1)+IF(C20="●●",-2) -> 6 | D32: =D8+IF(D20="●",-1)+IF(D20="●●",-2) -> 6 | E32: =E8+IF(E20="●",-1)+IF(E20="●●",-2) -> 6 | F32: =F8+IF(F20="●",-1)+IF(F20="●●",-2) -> 6 | G32: =G8+IF(G20="●",-1)+IF(G20="●●",-2) -> 6 | H32: =H8+IF(H20="●",-1)+IF(H20="●●",-2) -> 0 | I32: =I8+IF(I20="●",-1)+IF(I20="●●",-2) -> 0 | J32: =J8+IF(J20="●",-1)+IF(J20="●●",-2) -> 0 | ... T32: =T8+IF(T20="●",-1)+IF(T20="●●",-2) -> 8 | U32: =SUM(C32:T32) -> 110
A33: DONOVAN | B33: 12 | C33: =C9+IF(C21="●",-1)+IF(C21="●●",-2) -> 3 | D33: =D9+IF(D21="●",-1)+IF(D21="●●",-2) -> 8 | E33: =E9+IF(E21="●",-1)+IF(E21="●●",-2) -> 2 | F33: =F9+IF(F21="●",-1)+IF(F21="●●",-2) -> 1 | G33: =G9+IF(G21="●",-1)+IF(G21="●●",-2) -> 3 | H33: =H9+IF(H21="●",-1)+IF(H21="●●",-2) -> 3 | I33: =I9+IF(I21="●",-1)+IF(I21="●●",-2) -> 3 | J33: =J9+IF(J21="●",-1)+IF(J21="●●",-2) -> 3 | ... T33: =T9+IF(T21="●",-1)+IF(T21="●●",-2) -> 7 | U33: =SUM(C33:T33) -> 60
A34: FINDLAY | B34: 13 | C34: =C10+IF(C22="●",-1)+IF(C22="●●",-2) -> 1 | D34: =D10+IF(D22="●",-1)+IF(D22="●●",-2) -> 2 | E34: =E10+IF(E22="●",-1)+IF(E22="●●",-2) -> 5 | F34: =F10+IF(F22="●",-1)+IF(F22="●●",-2) -> 2 | G34: =G10+IF(G22="●",-1)+IF(G22="●●",-2) -> 1 | H34: =H10+IF(H22="●",-1)+IF(H22="●●",-2) -> 1 | I34: =I10+IF(I22="●",-1)+IF(I22="●●",-2) -> 1 | J34: =J10+IF(J22="●",-1)+IF(J22="●●",-2) -> 0 | ... T34: =T10+IF(T22="●",-1)+IF(T22="●●",-2) -> 6 | U34: =SUM(C34:T34) -> 42
A35: HOLLANDS | B35: 9 | C35: =C11+IF(C23="●",-1)+IF(C23="●●",-2) -> 1 | D35: =D11+IF(D23="●",-1)+IF(D23="●●",-2) -> 2 | E35: =E11+IF(E23="●",-1)+IF(E23="●●",-2) -> 5 | F35: =F11+IF(F23="●",-1)+IF(F23="●●",-2) -> 2 | G35: =G11+IF(G23="●",-1)+IF(G23="●●",-2) -> 1 | H35: =H11+IF(H23="●",-1)+IF(H23="●●",-2) -> 1 | I35: =I11+IF(I23="●",-1)+IF(I23="●●",-2) -> 1 | J35: =J11+IF(J23="●",-1)+IF(J23="●●",-2) -> 0 | ... T35: =T11+IF(T23="●",-1)+IF(T23="●●",-2) -> 6 | U35: =SUM(C35:T35) -> 42
A36: LAING | B36: 3 | C36: =C12+IF(C24="●",-1)+IF(C24="●●",-2) -> 6 | D36: =D12+IF(D24="●",-1)+IF(D24="●●",-2) -> 5 | E36: =E12+IF(E24="●",-1)+IF(E24="●●",-2) -> 3 | F36: =F12+IF(F24="●",-1)+IF(F24="●●",-2) -> 3 | G36: =G12+IF(G24="●",-1)+IF(G24="●●",-2) -> 2 | H36: =H12+IF(H24="●",-1)+IF(H24="●●",-2) -> 3 | I36: =I12+IF(I24="●",-1)+IF(I24="●●",-2) -> 6 | J36: =J12+IF(J24="●",-1)+IF(J24="●●",-2) -> 1 | ... T36: =T12+IF(T24="●",-1)+IF(T24="●●",-2) -> 5 | U36: =SUM(C36:T36) -> 72
A37: REILLY | B37: 3 | C37: =C13+IF(C25="●",-1)+IF(C25="●●",-2) -> 6 | D37: =D13+IF(D25="●",-1)+IF(D25="●●",-2) -> 4 | E37: =E13+IF(E25="●",-1)+IF(E25="●●",-2) -> 6 | F37: =F13+IF(F25="●",-1)+IF(F25="●●",-2) -> 6 | G37: =G13+IF(G25="●",-1)+IF(G25="●●",-2) -> 6 | H37: =H13+IF(H25="●",-1)+IF(H25="●●",-2) -> 0 | I37: =I13+IF(I25="●",-1)+IF(I25="●●",-2) -> 0 | J37: =J13+IF(J25="●",-1)+IF(J25="●●",-2) -> 6 | ... T37: =T13+IF(T25="●",-1)+IF(T25="●●",-2) -> 4 | U37: =SUM(C37:T37) -> 91
A38: STONES | B38: 15 | C38: =C14+IF(C26="●",-1)+IF(C26="●●",-2) -> 6 | D38: =D14+IF(D26="●",-1)+IF(D26="●●",-2) -> 3 | E38: =E14+IF(E26="●",-1)+IF(E26="●●",-2) -> 6 | F38: =F14+IF(F26="●",-1)+IF(F26="●●",-2) -> 6 | G38: =G14+IF(G26="●",-1)+IF(G26="●●",-2) -> 6 | H38: =H14+IF(H26="●",-1)+IF(H26="●●",-2) -> 6 | I38: =I14+IF(I26="●",-1)+IF(I26="●●",-2) -> 6 | J38: =J14+IF(J26="●",-1)+IF(J26="●●",-2) -> 6 | ... T38: =T14+IF(T26="●",-1)+IF(T26="●●",-2) -> 3 | U38: =SUM(C38:T38) -> 96
C41: =C28 -> 1 | D41: =D28 -> 2 | E41: =E28 -> 3 | F41: =F28 -> 4 | G41: =G28 -> 5 | H41: =H28 -> 6 | I41: =I28 -> 7 | J41: =J28 -> 8 | ... T41: =T28 -> 18 | U41: TOTAL | V41: LOWEST NETS
C42: =C29 -> 4 | D42: =D29 -> 3 | E42: =E29 -> 4 | F42: =F29 -> 4 | G42: =G29 -> 4 | H42: =H29 -> 5 | I42: =I29 -> 3 | J42: =J29 -> 4 | ... T42: =T29 -> 4
C43: =C30 -> 16 | D43: =D30 -> 8 | E43: =E30 -> 2 | F43: =F30 -> 18 | G43: =G30 -> 4 | H43: =H30 -> 12 | I43: =I30 -> 6 | J43: =J30 -> 10 | ... T43: =T30 -> 9
B44: LOWEST | C44: {=IFERROR(SMALL(IF(FREQUENCY(C$31:C$38, C$31:C$38)>0, C$31:C$38), ROW(A1)),"")} -> 1 | D44: {=IFERROR(SMALL(IF(FREQUENCY(D$31:D$38, D$31:D$38)>0, D$31:D$38), ROW(B1)),"")} -> 1 | E44: {=IFERROR(SMALL(IF(FREQUENCY(E$31:E$38, E$31:E$38)>0, E$31:E$38), ROW(C1)),"")} -> 2 | F44: {=IFERROR(SMALL(IF(FREQUENCY(F$31:F$38, F$31:F$38)>0, F$31:F$38), ROW(D1)),"")} -> 1 | G44: {=IFERROR(SMALL(IF(FREQUENCY(G$31:G$38, G$31:G$38)>0, G$31:G$38), ROW(E1)),"")} -> 1 | H44: {=IFERROR(SMALL(IF(FREQUENCY(H$31:H$38, H$31:H$38)>0, H$31:H$38), ROW(F1)),"")} -> 0 | I44: {=IFERROR(SMALL(IF(FREQUENCY(I$31:I$38, I$31:I$38)>0, I$31:I$38), ROW(G1)),"")} -> 0 | J44: {=IFERROR(SMALL(IF(FREQUENCY(J$31:J$38, J$31:J$38)>0, J$31:J$38), ROW(H1)),"")} -> 0 | ... T44: {=IFERROR(SMALL(IF(FREQUENCY(T$31:T$38, T$31:T$38)>0, T$31:T$38), ROW(R1)),"")} -> 3
B45: 2ND LOWEST | C45: {=IFERROR(SMALL(IF(FREQUENCY(C$31:C$38, C$31:C$38)>0, C$31:C$38), ROW(A2)),"")} -> 3 | D45: {=IFERROR(SMALL(IF(FREQUENCY(D$31:D$38, D$31:D$38)>0, D$31:D$38), ROW(B2)),"")} -> 2 | E45: {=IFERROR(SMALL(IF(FREQUENCY(E$31:E$38, E$31:E$38)>0, E$31:E$38), ROW(C2)),"")} -> 3 | F45: {=IFERROR(SMALL(IF(FREQUENCY(F$31:F$38, F$31:F$38)>0, F$31:F$38), ROW(D2)),"")} -> 2 | G45: {=IFERROR(SMALL(IF(FREQUENCY(G$31:G$38, G$31:G$38)>0, G$31:G$38), ROW(E2)),"")} -> 2 | H45: {=IFERROR(SMALL(IF(FREQUENCY(H$31:H$38, H$31:H$38)>0, H$31:H$38), ROW(F2)),"")} -> 1 | I45: {=IFERROR(SMALL(IF(FREQUENCY(I$31:I$38, I$31:I$38)>0, I$31:I$38), ROW(G2)),"")} -> 1 | J45: {=IFERROR(SMALL(IF(FREQUENCY(J$31:J$38, J$31:J$38)>0, J$31:J$38), ROW(H2)),"")} -> 1 | ... T45: {=IFERROR(SMALL(IF(FREQUENCY(T$31:T$38, T$31:T$38)>0, T$31:T$38), ROW(R2)),"")} -> 4
B46: 3RD LOWEST | C46: {=IFERROR(SMALL(IF(FREQUENCY(C$31:C$38, C$31:C$38)>0, C$31:C$38), ROW(A3)),"")} -> 6 | D46: {=IFERROR(SMALL(IF(FREQUENCY(D$31:D$38, D$31:D$38)>0, D$31:D$38), ROW(B3)),"")} -> 3 | E46: {=IFERROR(SMALL(IF(FREQUENCY(E$31:E$38, E$31:E$38)>0, E$31:E$38), ROW(C3)),"")} -> 5 | F46: {=IFERROR(SMALL(IF(FREQUENCY(F$31:F$38, F$31:F$38)>0, F$31:F$38), ROW(D3)),"")} -> 3 | G46: {=IFERROR(SMALL(IF(FREQUENCY(G$31:G$38, G$31:G$38)>0, G$31:G$38), ROW(E3)),"")} -> 3 | H46: {=IFERROR(SMALL(IF(FREQUENCY(H$31:H$38, H$31:H$38)>0, H$31:H$38), ROW(F3)),"")} -> 3 | I46: {=IFERROR(SMALL(IF(FREQUENCY(I$31:I$38, I$31:I$38)>0, I$31:I$38), ROW(G3)),"")} -> 3 | J46: {=IFERROR(SMALL(IF(FREQUENCY(J$31:J$38, J$31:J$38)>0, J$31:J$38), ROW(H3)),"")} -> 3 | ... T46: {=IFERROR(SMALL(IF(FREQUENCY(T$31:T$38, T$31:T$38)>0, T$31:T$38), ROW(R3)),"")} -> 5
C47: {=IFERROR(SMALL(IF(FREQUENCY(C$31:C$38, C$31:C$38)>0, C$31:C$38), ROW(A4)),"")} -> 7 | D47: {=IFERROR(SMALL(IF(FREQUENCY(D$31:D$38, D$31:D$38)>0, D$31:D$38), ROW(B4)),"")} -> 4 | E47: {=IFERROR(SMALL(IF(FREQUENCY(E$31:E$38, E$31:E$38)>0, E$31:E$38), ROW(C4)),"")} -> 6 | F47: {=IFERROR(SMALL(IF(FREQUENCY(F$31:F$38, F$31:F$38)>0, F$31:F$38), ROW(D4)),"")} -> 6 | G47: {=IFERROR(SMALL(IF(FREQUENCY(G$31:G$38, G$31:G$38)>0, G$31:G$38), ROW(E4)),"")} -> 6 | H47: {=IFERROR(SMALL(IF(FREQUENCY(H$31:H$38, H$31:H$38)>0, H$31:H$38), ROW(F4)),"")} -> 6 | I47: {=IFERROR(SMALL(IF(FREQUENCY(I$31:I$38, I$31:I$38)>0, I$31:I$38), ROW(G4)),"")} -> 6 | J47: {=IFERROR(SMALL(IF(FREQUENCY(J$31:J$38, J$31:J$38)>0, J$31:J$38), ROW(H4)),"")} -> 6 | ... T47: {=IFERROR(SMALL(IF(FREQUENCY(T$31:T$38, T$31:T$38)>0, T$31:T$38), ROW(R4)),"")} -> 6
C48: {=IFERROR(SMALL(IF(FREQUENCY(C$31:C$38, C$31:C$38)>0, C$31:C$38), ROW(A5)),"")} | D48: {=IFERROR(SMALL(IF(FREQUENCY(D$31:D$38, D$31:D$38)>0, D$31:D$38), ROW(B5)),"")} -> 5 | E48: {=IFERROR(SMALL(IF(FREQUENCY(E$31:E$38, E$31:E$38)>0, E$31:E$38), ROW(C5)),"")} -> 7 | F48: {=IFERROR(SMALL(IF(FREQUENCY(F$31:F$38, F$31:F$38)>0, F$31:F$38), ROW(D5)),"")} -> 7 | G48: {=IFERROR(SMALL(IF(FREQUENCY(G$31:G$38, G$31:G$38)>0, G$31:G$38), ROW(E5)),"")} -> 7 | H48: {=IFERROR(SMALL(IF(FREQUENCY(H$31:H$38, H$31:H$38)>0, H$31:H$38), ROW(F5)),"")} -> 7 | I48: {=IFERROR(SMALL(IF(FREQUENCY(I$31:I$38, I$31:I$38)>0, I$31:I$38), ROW(G5)),"")} -> 7 | J48: {=IFERROR(SMALL(IF(FREQUENCY(J$31:J$38, J$31:J$38)>0, J$31:J$38), ROW(H5)),"")} -> 7 | ... T48: {=IFERROR(SMALL(IF(FREQUENCY(T$31:T$38, T$31:T$38)>0, T$31:T$38), ROW(R5)),"")} -> 7
C49: {=IFERROR(SMALL(IF(FREQUENCY(C$31:C$38, C$31:C$38)>0, C$31:C$38), ROW(A6)),"")} | D49: {=IFERROR(SMALL(IF(FREQUENCY(D$31:D$38, D$31:D$38)>0, D$31:D$38), ROW(B6)),"")} -> 6 | E49: {=IFERROR(SMALL(IF(FREQUENCY(E$31:E$38, E$31:E$38)>0, E$31:E$38), ROW(C6)),"")} | F49: {=IFERROR(SMALL(IF(FREQUENCY(F$31:F$38, F$31:F$38)>0, F$31:F$38), ROW(D6)),"")} | G49: {=IFERROR(SMALL(IF(FREQUENCY(G$31:G$38, G$31:G$38)>0, G$31:G$38), ROW(E6)),"")} | H49: {=IFERROR(SMALL(IF(FREQUENCY(H$31:H$38, H$31:H$38)>0, H$31:H$38), ROW(F6)),"")} | I49: {=IFERROR(SMALL(IF(FREQUENCY(I$31:I$38, I$31:I$38)>0, I$31:I$38), ROW(G6)),"")} | J49: {=IFERROR(SMALL(IF(FREQUENCY(J$31:J$38, J$31:J$38)>0, J$31:J$38), ROW(H6)),"")} | ... T49: {=IFERROR(SMALL(IF(FREQUENCY(T$31:T$38, T$31:T$38)>0, T$31:T$38), ROW(R6)),"")} -> 8
C50: {=IFERROR(SMALL(IF(FREQUENCY(C$31:C$38, C$31:C$38)>0, C$31:C$38), ROW(A7)),"")} | D50: {=IFERROR(SMALL(IF(FREQUENCY(D$31:D$38, D$31:D$38)>0, D$31:D$38), ROW(B7)),"")} -> 8 | E50: {=IFERROR(SMALL(IF(FREQUENCY(E$31:E$38, E$31:E$38)>0, E$31:E$38), ROW(C7)),"")} | F50: {=IFERROR(SMALL(IF(FREQUENCY(F$31:F$38, F$31:F$38)>0, F$31:F$38), ROW(D7)),"")} | G50: {=IFERROR(SMALL(IF(FREQUENCY(G$31:G$38, G$31:G$38)>0, G$31:G$38), ROW(E7)),"")} | H50: {=IFERROR(SMALL(IF(FREQUENCY(H$31:H$38, H$31:H$38)>0, H$31:H$38), ROW(F7)),"")} | I50: {=IFERROR(SMALL(IF(FREQUENCY(I$31:I$38, I$31:I$38)>0, I$31:I$38), ROW(G7)),"")} | J50: {=IFERROR(SMALL(IF(FREQUENCY(J$31:J$38, J$31:J$38)>0, J$31:J$38), ROW(H7)),"")} | ... T50: {=IFERROR(SMALL(IF(FREQUENCY(T$31:T$38, T$31:T$38)>0, T$31:T$38), ROW(R7)),"")}
C51: {=IFERROR(SMALL(IF(FREQUENCY(C$31:C$38, C$31:C$38)>0, C$31:C$38), ROW(A8)),"")} | D51: {=IFERROR(SMALL(IF(FREQUENCY(D$31:D$38, D$31:D$38)>0, D$31:D$38), ROW(B8)),"")} | E51: {=IFERROR(SMALL(IF(FREQUENCY(E$31:E$38, E$31:E$38)>0, E$31:E$38), ROW(C8)),"")} | F51: {=IFERROR(SMALL(IF(FREQUENCY(F$31:F$38, F$31:F$38)>0, F$31:F$38), ROW(D8)),"")} | G51: {=IFERROR(SMALL(IF(FREQUENCY(G$31:G$38, G$31:G$38)>0, G$31:G$38), ROW(E8)),"")} | H51: {=IFERROR(SMALL(IF(FREQUENCY(H$31:H$38, H$31:H$38)>0, H$31:H$38), ROW(F8)),"")} | I51: {=IFERROR(SMALL(IF(FREQUENCY(I$31:I$38, I$31:I$38)>0, I$31:I$38), ROW(G8)),"")} | J51: {=IFERROR(SMALL(IF(FREQUENCY(J$31:J$38, J$31:J$38)>0, J$31:J$38), ROW(H8)),"")} | ... T51: {=IFERROR(SMALL(IF(FREQUENCY(T$31:T$38, T$31:T$38)>0, T$31:T$38), ROW(R8)),"")}
C53: =C41 -> 1 | D53: =D41 -> 2 | E53: =E41 -> 3 | F53: =F41 -> 4 | G53: =G41 -> 5 | H53: =H41 -> 6 | I53: =I41 -> 7 | J53: =J41 -> 8 | ... T53: =T41 -> 18 | U53: TOTAL | V53: MP ORDER
C54: =C42 -> 4 | D54: =D42 -> 3 | E54: =E42 -> 4 | F54: =F42 -> 4 | G54: =G42 -> 4 | H54: =H42 -> 5 | I54: =I42 -> 3 | J54: =J42 -> 4 | ... T54: =T42 -> 4
C55: =C43 -> 16 | D55: =D43 -> 8 | E55: =E43 -> 2 | F55: =F43 -> 18 | G55: =G43 -> 4 | H55: =H43 -> 12 | I55: =I43 -> 6 | J55: =J43 -> 10 | ... T55: =T43 -> 9
A56: BELLIS | B56: =B7 -> 18 | C56: {=IF(C31 = INDEX($C$44:$T$44, COLUMN()-2), 3, 0) + IF(C31 = INDEX($C$45:$T$45, COLUMN()-2), 2, 0) + IF(C31 = INDEX($C$46:$T$46, COLUMN()-2), 1, 0)} -> 0 | D56: {=IF(D31 = INDEX($C$44:$T$44, COLUMN()-2), 3, 0) + IF(D31 = INDEX($C$45:$T$45, COLUMN()-2), 2, 0) + IF(D31 = INDEX($C$46:$T$46, COLUMN()-2), 1, 0)} -> 3 | E56: {=IF(E31 = INDEX($C$44:$T$44, COLUMN()-2), 3, 0) + IF(E31 = INDEX($C$45:$T$45, COLUMN()-2), 2, 0) + IF(E31 = INDEX($C$46:$T$46, COLUMN()-2), 1, 0)} -> 0 | F56: {=IF(F31 = INDEX($C$44:$T$44, COLUMN()-2), 3, 0) + IF(F31 = INDEX($C$45:$T$45, COLUMN()-2), 2, 0) + IF(F31 = INDEX($C$46:$T$46, COLUMN()-2), 1, 0)} -> 0 | G56: {=IF(G31 = INDEX($C$44:$T$44, COLUMN()-2), 3, 0) + IF(G31 = INDEX($C$45:$T$45, COLUMN()-2), 2, 0) + IF(G31 = INDEX($C$46:$T$46, COLUMN()-2), 1, 0)} -> 0 | H56: {=IF(H31 = INDEX($C$44:$T$44, COLUMN()-2), 3, 0) + IF(H31 = INDEX($C$45:$T$45, COLUMN()-2), 2, 0) + IF(H31 = INDEX($C$46:$T$46, COLUMN()-2), 1, 0)} -> 0 | I56: {=IF(I31 = INDEX($C$44:$T$44, COLUMN()-2), 3, 0) + IF(I31 = INDEX($C$45:$T$45, COLUMN()-2), 2, 0) + IF(I31 = INDEX($C$46:$T$46, COLUMN()-2), 1, 0)} -> 0 | J56: {=IF(J31 = INDEX($C$44:$T$44, COLUMN()-2), 3, 0) + IF(J31 = INDEX($C$45:$T$45, COLUMN()-2), 2, 0) + IF(J31 = INDEX($C$46:$T$46, COLUMN()-2), 1, 0)} -> 0 | ... T56: {=IF(T31 = INDEX($C$44:$T$44, COLUMN()-2), 3, 0) + IF(T31 = INDEX($C$45:$T$45, COLUMN()-2), 2, 0) + IF(T31 = INDEX($C$46:$T$46, COLUMN()-2), 1, 0)} -> 0 | U56: =SUM(C56:T56) -> 5
A57: DEY | B57: =B8 -> 18 | C57: {=IF(C32 = INDEX($C$44:$T$44, COLUMN()-2), 3, 0) + IF(C32 = INDEX($C$45:$T$45, COLUMN()-2), 2, 0) + IF(C32 = INDEX($C$46:$T$46, COLUMN()-2), 1, 0)} -> 1 | D57: {=IF(D32 = INDEX($C$44:$T$44, COLUMN()-2), 3, 0) + IF(D32 = INDEX($C$45:$T$45, COLUMN()-2), 2, 0) + IF(D32 = INDEX($C$46:$T$46, COLUMN()-2), 1, 0)} -> 0 | E57: {=IF(E32 = INDEX($C$44:$T$44, COLUMN()-2), 3, 0) + IF(E32 = INDEX($C$45:$T$45, COLUMN()-2), 2, 0) + IF(E32 = INDEX($C$46:$T$46, COLUMN()-2), 1, 0)} -> 0 | F57: {=IF(F32 = INDEX($C$44:$T$44, COLUMN()-2), 3, 0) + IF(F32 = INDEX($C$45:$T$45, COLUMN()-2), 2, 0) + IF(F32 = INDEX($C$46:$T$46, COLUMN()-2), 1, 0)} -> 0 | G57: {=IF(G32 = INDEX($C$44:$T$44, COLUMN()-2), 3, 0) + IF(G32 = INDEX($C$45:$T$45, COLUMN()-2), 2, 0) + IF(G32 = INDEX($C$46:$T$46, COLUMN()-2), 1, 0)} -> 0 | H57: {=IF(H32 = INDEX($C$44:$T$44, COLUMN()-2), 3, 0) + IF(H32 = INDEX($C$45:$T$45, COLUMN()-2), 2, 0) + IF(H32 = INDEX($C$46:$T$46, COLUMN()-2), 1, 0)} -> 3 | I57: {=IF(I32 = INDEX($C$44:$T$44, COLUMN()-2), 3, 0) + IF(I32 = INDEX($C$45:$T$45, COLUMN()-2), 2, 0) + IF(I32 = INDEX($C$46:$T$46, COLUMN()-2), 1, 0)} -> 3 | J57: {=IF(J32 = INDEX($C$44:$T$44, COLUMN()-2), 3, 0) + IF(J32 = INDEX($C$45:$T$45, COLUMN()-2), 2, 0) + IF(J32 = INDEX($C$46:$T$46, COLUMN()-2), 1, 0)} -> 3 | ... T57: {=IF(T32 = INDEX($C$44:$T$44, COLUMN()-2), 3, 0) + IF(T32 = INDEX($C$45:$T$45, COLUMN()-2), 2, 0) + IF(T32 = INDEX($C$46:$T$46, COLUMN()-2), 1, 0)} -> 0 | U57: =SUM(C57:T57) -> 10
A58: DONOVAN | B58: =B9 -> 18 | C58: {=IF(C33 = INDEX($C$44:$T$44, COLUMN()-2), 3, 0) + IF(C33 = INDEX($C$45:$T$45, COLUMN()-2), 2, 0) + IF(C33 = INDEX($C$46:$T$46, COLUMN()-2), 1, 0)} -> 2 | D58: {=IF(D33 = INDEX($C$44:$T$44, COLUMN()-2), 3, 0) + IF(D33 = INDEX($C$45:$T$45, COLUMN()-2), 2, 0) + IF(D33 = INDEX($C$46:$T$46, COLUMN()-2), 1, 0)} -> 0 | E58: {=IF(E33 = INDEX($C$44:$T$44, COLUMN()-2), 3, 0) + IF(E33 = INDEX($C$45:$T$45, COLUMN()-2), 2, 0) + IF(E33 = INDEX($C$46:$T$46, COLUMN()-2), 1, 0)} -> 3 | F58: {=IF(F33 = INDEX($C$44:$T$44, COLUMN()-2), 3, 0) + IF(F33 = INDEX($C$45:$T$45, COLUMN()-2), 2, 0) + IF(F33 = INDEX($C$46:$T$46, COLUMN()-2), 1, 0)} -> 3 | G58: {=IF(G33 = INDEX($C$44:$T$44, COLUMN()-2), 3, 0) + IF(G33 = INDEX($C$45:$T$45, COLUMN()-2), 2, 0) + IF(G33 = INDEX($C$46:$T$46, COLUMN()-2), 1, 0)} -> 1 | H58: {=IF(H33 = INDEX($C$44:$T$44, COLUMN()-2), 3, 0) + IF(H33 = INDEX($C$45:$T$45, COLUMN()-2), 2, 0) + IF(H33 = INDEX($C$46:$T$46, COLUMN()-2), 1, 0)} -> 1 | I58: {=IF(I33 = INDEX($C$44:$T$44, COLUMN()-2), 3, 0) + IF(I33 = INDEX($C$45:$T$45, COLUMN()-2), 2, 0) + IF(I33 = INDEX($C$46:$T$46, COLUMN()-2), 1, 0)} -> 1 | J58: {=IF(J33 = INDEX($C$44:$T$44, COLUMN()-2), 3, 0) + IF(J33 = INDEX($C$45:$T$45, COLUMN()-2), 2, 0) + IF(J33 = INDEX($C$46:$T$46, COLUMN()-2), 1, 0)} -> 1 | ... T58: {=IF(T33 = INDEX($C$44:$T$44, COLUMN()-2), 3, 0) + IF(T33 = INDEX($C$45:$T$45, COLUMN()-2), 2, 0) + IF(T33 = INDEX($C$46:$T$46, COLUMN()-2), 1, 0)} -> 0 | U58: =SUM(C58:T58) -> 32
A59: FINDLAY | B59: =B10 -> 18 | C59: {=IF(C34 = INDEX($C$44:$T$44, COLUMN()-2), 3, 0) + IF(C34 = INDEX($C$45:$T$45, COLUMN()-2), 2, 0) + IF(C34 = INDEX($C$46:$T$46, COLUMN()-2), 1, 0)} -> 3 | D59: {=IF(D34 = INDEX($C$44:$T$44, COLUMN()-2), 3, 0) + IF(D34 = INDEX($C$45:$T$45, COLUMN()-2), 2, 0) + IF(D34 = INDEX($C$46:$T$46, COLUMN()-2), 1, 0)} -> 2 | E59: {=IF(E34 = INDEX($C$44:$T$44, COLUMN()-2), 3, 0) + IF(E34 = INDEX($C$45:$T$45, COLUMN()-2), 2, 0) + IF(E34 = INDEX($C$46:$T$46, COLUMN()-2), 1, 0)} -> 1 | F59: {=IF(F34 = INDEX($C$44:$T$44, COLUMN()-2), 3, 0) + IF(F34 = INDEX($C$45:$T$45, COLUMN()-2), 2, 0) + IF(F34 = INDEX($C$46:$T$46, COLUMN()-2), 1, 0)} -> 2 | G59: {=IF(G34 = INDEX($C$44:$T$44, COLUMN()-2), 3, 0) + IF(G34 = INDEX($C$45:$T$45, COLUMN()-2), 2, 0) + IF(G34 = INDEX($C$46:$T$46, COLUMN()-2), 1, 0)} -> 3 | H59: {=IF(H34 = INDEX($C$44:$T$44, COLUMN()-2), 3, 0) + IF(H34 = INDEX($C$45:$T$45, COLUMN()-2), 2, 0) + IF(H34 = INDEX($C$46:$T$46, COLUMN()-2), 1, 0)} -> 2 | I59: {=IF(I34 = INDEX($C$44:$T$44, COLUMN()-2), 3, 0) + IF(I34 = INDEX($C$45:$T$45, COLUMN()-2), 2, 0) + IF(I34 = INDEX($C$46:$T$46, COLUMN()-2), 1, 0)} -> 2 | J59: {=IF(J34 = INDEX($C$44:$T$44, COLUMN()-2), 3, 0) + IF(J34 = INDEX($C$45:$T$45, COLUMN()-2), 2, 0) + IF(J34 = INDEX($C$46:$T$46, COLUMN()-2), 1, 0)} -> 3 | ... T59: {=IF(T34 = INDEX($C$44:$T$44, COLUMN()-2), 3, 0) + IF(T34 = INDEX($C$45:$T$45, COLUMN()-2), 2, 0) + IF(T34 = INDEX($C$46:$T$46, COLUMN()-2), 1, 0)} -> 0 | U59: =SUM(C59:T59) -> 39
A60: HOLLANDS | B60: =B11 -> 18 | C60: {=IF(C35 = INDEX($C$44:$T$44, COLUMN()-2), 3, 0) + IF(C35 = INDEX($C$45:$T$45, COLUMN()-2), 2, 0) + IF(C35 = INDEX($C$46:$T$46, COLUMN()-2), 1, 0)} -> 3 | D60: {=IF(D35 = INDEX($C$44:$T$44, COLUMN()-2), 3, 0) + IF(D35 = INDEX($C$45:$T$45, COLUMN()-2), 2, 0) + IF(D35 = INDEX($C$46:$T$46, COLUMN()-2), 1, 0)} -> 2 | E60: {=IF(E35 = INDEX($C$44:$T$44, COLUMN()-2), 3, 0) + IF(E35 = INDEX($C$45:$T$45, COLUMN()-2), 2, 0) + IF(E35 = INDEX($C$46:$T$46, COLUMN()-2), 1, 0)} -> 1 | F60: {=IF(F35 = INDEX($C$44:$T$44, COLUMN()-2), 3, 0) + IF(F35 = INDEX($C$45:$T$45, COLUMN()-2), 2, 0) + IF(F35 = INDEX($C$46:$T$46, COLUMN()-2), 1, 0)} -> 2 | G60: {=IF(G35 = INDEX($C$44:$T$44, COLUMN()-2), 3, 0) + IF(G35 = INDEX($C$45:$T$45, COLUMN()-2), 2, 0) + IF(G35 = INDEX($C$46:$T$46, COLUMN()-2), 1, 0)} -> 3 | H60: {=IF(H35 = INDEX($C$44:$T$44, COLUMN()-2), 3, 0) + IF(H35 = INDEX($C$45:$T$45, COLUMN()-2), 2, 0) + IF(H35 = INDEX($C$46:$T$46, COLUMN()-2), 1, 0)} -> 2 | I60: {=IF(I35 = INDEX($C$44:$T$44, COLUMN()-2), 3, 0) + IF(I35 = INDEX($C$45:$T$45, COLUMN()-2), 2, 0) + IF(I35 = INDEX($C$46:$T$46, COLUMN()-2), 1, 0)} -> 2 | J60: {=IF(J35 = INDEX($C$44:$T$44, COLUMN()-2), 3, 0) + IF(J35 = INDEX($C$45:$T$45, COLUMN()-2), 2, 0) + IF(J35 = INDEX($C$46:$T$46, COLUMN()-2), 1, 0)} -> 3 | ... T60: {=IF(T35 = INDEX($C$44:$T$44, COLUMN()-2), 3, 0) + IF(T35 = INDEX($C$45:$T$45, COLUMN()-2), 2, 0) + IF(T35 = INDEX($C$46:$T$46, COLUMN()-2), 1, 0)} -> 0 | U60: =SUM(C60:T60) -> 39
A61: LAING | B61: =B12 -> 18 | C61: {=IF(C36 = INDEX($C$44:$T$44, COLUMN()-2), 3, 0) + IF(C36 = INDEX($C$45:$T$45, COLUMN()-2), 2, 0) + IF(C36 = INDEX($C$46:$T$46, COLUMN()-2), 1, 0)} -> 1 | D61: {=IF(D36 = INDEX($C$44:$T$44, COLUMN()-2), 3, 0) + IF(D36 = INDEX($C$45:$T$45, COLUMN()-2), 2, 0) + IF(D36 = INDEX($C$46:$T$46, COLUMN()-2), 1, 0)} -> 0 | E61: {=IF(E36 = INDEX($C$44:$T$44, COLUMN()-2), 3, 0) + IF(E36 = INDEX($C$45:$T$45, COLUMN()-2), 2, 0) + IF(E36 = INDEX($C$46:$T$46, COLUMN()-2), 1, 0)} -> 2 | F61: {=IF(F36 = INDEX($C$44:$T$44, COLUMN()-2), 3, 0) + IF(F36 = INDEX($C$45:$T$45, COLUMN()-2), 2, 0) + IF(F36 = INDEX($C$46:$T$46, COLUMN()-2), 1, 0)} -> 1 | G61: {=IF(G36 = INDEX($C$44:$T$44, COLUMN()-2), 3, 0) + IF(G36 = INDEX($C$45:$T$45, COLUMN()-2), 2, 0) + IF(G36 = INDEX($C$46:$T$46, COLUMN()-2), 1, 0)} -> 2 | H61: {=IF(H36 = INDEX($C$44:$T$44, COLUMN()-2), 3, 0) + IF(H36 = INDEX($C$45:$T$45, COLUMN()-2), 2, 0) + IF(H36 = INDEX($C$46:$T$46, COLUMN()-2), 1, 0)} -> 1 | I61: {=IF(I36 = INDEX($C$44:$T$44, COLUMN()-2), 3, 0) + IF(I36 = INDEX($C$45:$T$45, COLUMN()-2), 2, 0) + IF(I36 = INDEX($C$46:$T$46, COLUMN()-2), 1, 0)} -> 0 | J61: {=IF(J36 = INDEX($C$44:$T$44, COLUMN()-2), 3, 0) + IF(J36 = INDEX($C$45:$T$45, COLUMN()-2), 2, 0) + IF(J36 = INDEX($C$46:$T$46, COLUMN()-2), 1, 0)} -> 2 | ... T61: {=IF(T36 = INDEX($C$44:$T$44, COLUMN()-2), 3, 0) + IF(T36 = INDEX($C$45:$T$45, COLUMN()-2), 2, 0) + IF(T36 = INDEX($C$46:$T$46, COLUMN()-2), 1, 0)} -> 1 | U61: =SUM(C61:T61) -> 21
A62: REILLY | B62: =B13 -> 18 | C62: {=IF(C37 = INDEX($C$44:$T$44, COLUMN()-2), 3, 0) + IF(C37 = INDEX($C$45:$T$45, COLUMN()-2), 2, 0) + IF(C37 = INDEX($C$46:$T$46, COLUMN()-2), 1, 0)} -> 1 | D62: {=IF(D37 = INDEX($C$44:$T$44, COLUMN()-2), 3, 0) + IF(D37 = INDEX($C$45:$T$45, COLUMN()-2), 2, 0) + IF(D37 = INDEX($C$46:$T$46, COLUMN()-2), 1, 0)} -> 0 | E62: {=IF(E37 = INDEX($C$44:$T$44, COLUMN()-2), 3, 0) + IF(E37 = INDEX($C$45:$T$45, COLUMN()-2), 2, 0) + IF(E37 = INDEX($C$46:$T$46, COLUMN()-2), 1, 0)} -> 0 | F62: {=IF(F37 = INDEX($C$44:$T$44, COLUMN()-2), 3, 0) + IF(F37 = INDEX($C$45:$T$45, COLUMN()-2), 2, 0) + IF(F37 = INDEX($C$46:$T$46, COLUMN()-2), 1, 0)} -> 0 | G62: {=IF(G37 = INDEX($C$44:$T$44, COLUMN()-2), 3, 0) + IF(G37 = INDEX($C$45:$T$45, COLUMN()-2), 2, 0) + IF(G37 = INDEX($C$46:$T$46, COLUMN()-2), 1, 0)} -> 0 | H62: {=IF(H37 = INDEX($C$44:$T$44, COLUMN()-2), 3, 0) + IF(H37 = INDEX($C$45:$T$45, COLUMN()-2), 2, 0) + IF(H37 = INDEX($C$46:$T$46, COLUMN()-2), 1, 0)} -> 3 | I62: {=IF(I37 = INDEX($C$44:$T$44, COLUMN()-2), 3, 0) + IF(I37 = INDEX($C$45:$T$45, COLUMN()-2), 2, 0) + IF(I37 = INDEX($C$46:$T$46, COLUMN()-2), 1, 0)} -> 3 | J62: {=IF(J37 = INDEX($C$44:$T$44, COLUMN()-2), 3, 0) + IF(J37 = INDEX($C$45:$T$45, COLUMN()-2), 2, 0) + IF(J37 = INDEX($C$46:$T$46, COLUMN()-2), 1, 0)} -> 0 | ... T62: {=IF(T37 = INDEX($C$44:$T$44, COLUMN()-2), 3, 0) + IF(T37 = INDEX($C$45:$T$45, COLUMN()-2), 2, 0) + IF(T37 = INDEX($C$46:$T$46, COLUMN()-2), 1, 0)} -> 2 | U62: =SUM(C62:T62) -> 12
A63: STONES | B63: =B14 -> 18 | C63: {=IF(C38 = INDEX($C$44:$T$44, COLUMN()-2), 3, 0) + IF(C38 = INDEX($C$45:$T$45, COLUMN()-2), 2, 0) + IF(C38 = INDEX($C$46:$T$46, COLUMN()-2), 1, 0)} -> 1 | D63: {=IF(D38 = INDEX($C$44:$T$44, COLUMN()-2), 3, 0) + IF(D38 = INDEX($C$45:$T$45, COLUMN()-2), 2, 0) + IF(D38 = INDEX($C$46:$T$46, COLUMN()-2), 1, 0)} -> 1 | E63: {=IF(E38 = INDEX($C$44:$T$44, COLUMN()-2), 3, 0) + IF(E38 = INDEX($C$45:$T$45, COLUMN()-2), 2, 0) + IF(E38 = INDEX($C$46:$T$46, COLUMN()-2), 1, 0)} -> 0 | F63: {=IF(F38 = INDEX($C$44:$T$44, COLUMN()-2), 3, 0) + IF(F38 = INDEX($C$45:$T$45, COLUMN()-2), 2, 0) + IF(F38 = INDEX($C$46:$T$46, COLUMN()-2), 1, 0)} -> 0 | G63: {=IF(G38 = INDEX($C$44:$T$44, COLUMN()-2), 3, 0) + IF(G38 = INDEX($C$45:$T$45, COLUMN()-2), 2, 0) + IF(G38 = INDEX($C$46:$T$46, COLUMN()-2), 1, 0)} -> 0 | H63: {=IF(H38 = INDEX($C$44:$T$44, COLUMN()-2), 3, 0) + IF(H38 = INDEX($C$45:$T$45, COLUMN()-2), 2, 0) + IF(H38 = INDEX($C$46:$T$46, COLUMN()-2), 1, 0)} -> 0 | I63: {=IF(I38 = INDEX($C$44:$T$44, COLUMN()-2), 3, 0) + IF(I38 = INDEX($C$45:$T$45, COLUMN()-2), 2, 0) + IF(I38 = INDEX($C$46:$T$46, COLUMN()-2), 1, 0)} -> 0 | J63: {=IF(J38 = INDEX($C$44:$T$44, COLUMN()-2), 3, 0) + IF(J38 = INDEX($C$45:$T$45, COLUMN()-2), 2, 0) + IF(J38 = INDEX($C$46:$T$46, COLUMN()-2), 1, 0)} -> 0 | ... T63: {=IF(T38 = INDEX($C$44:$T$44, COLUMN()-2), 3, 0) + IF(T38 = INDEX($C$45:$T$45, COLUMN()-2), 2, 0) + IF(T38 = INDEX($C$46:$T$46, COLUMN()-2), 1, 0)} -> 3 | U63: =SUM(C63:T63) -> 10
C65: {=IFERROR(INDEX($A$56:$A$63, MATCH(LARGE(INDEX($C$56:$T$63,0,COLUMN()-2)+ROW($A$56:$A$63)/1000, ROW(A1)), INDEX($C$56:$T$63,0,COLUMN()-2)+ROW($A$56:$A$63)/1000, 0)), "")} -> HOLLANDS | D65: {=IFERROR(INDEX($A$56:$A$63, MATCH(LARGE(INDEX($C$56:$T$63,0,COLUMN()-2)+ROW($A$56:$A$63)/1000, ROW(B1)), INDEX($C$56:$T$63,0,COLUMN()-2)+ROW($A$56:$A$63)/1000, 0)), "")} -> BELLIS | E65: {=IFERROR(INDEX($A$56:$A$63, MATCH(LARGE(INDEX($C$56:$T$63,0,COLUMN()-2)+ROW($A$56:$A$63)/1000, ROW(C1)), INDEX($C$56:$T$63,0,COLUMN()-2)+ROW($A$56:$A$63)/1000, 0)), "")} -> DONOVAN | F65: {=IFERROR(INDEX($A$56:$A$63, MATCH(LARGE(INDEX($C$56:$T$63,0,COLUMN()-2)+ROW($A$56:$A$63)/1000, ROW(D1)), INDEX($C$56:$T$63,0,COLUMN()-2)+ROW($A$56:$A$63)/1000, 0)), "")} -> DONOVAN | G65: {=IFERROR(INDEX($A$56:$A$63, MATCH(LARGE(INDEX($C$56:$T$63,0,COLUMN()-2)+ROW($A$56:$A$63)/1000, ROW(E1)), INDEX($C$56:$T$63,0,COLUMN()-2)+ROW($A$56:$A$63)/1000, 0)), "")} -> HOLLANDS | H65: {=IFERROR(INDEX($A$56:$A$63, MATCH(LARGE(INDEX($C$56:$T$63,0,COLUMN()-2)+ROW($A$56:$A$63)/1000, ROW(F1)), INDEX($C$56:$T$63,0,COLUMN()-2)+ROW($A$56:$A$63)/1000, 0)), "")} -> REILLY | I65: {=IFERROR(INDEX($A$56:$A$63, MATCH(LARGE(INDEX($C$56:$T$63,0,COLUMN()-2)+ROW($A$56:$A$63)/1000, ROW(G1)), INDEX($C$56:$T$63,0,COLUMN()-2)+ROW($A$56:$A$63)/1000, 0)), "")} -> REILLY | J65: {=IFERROR(INDEX($A$56:$A$63, MATCH(LARGE(INDEX($C$56:$T$63,0,COLUMN()-2)+ROW($A$56:$A$63)/1000, ROW(H1)), INDEX($C$56:$T$63,0,COLUMN()-2)+ROW($A$56:$A$63)/1000, 0)), "")} -> HOLLANDS | ... T65: {=IFERROR(INDEX($A$56:$A$63, MATCH(LARGE(INDEX($C$56:$T$63,0,COLUMN()-2)+ROW($A$56:$A$63)/1000, ROW(R1)), INDEX($C$56:$T$63,0,COLUMN()-2)+ROW($A$56:$A$63)/1000, 0)), "")} -> STONES
C66: {=IFERROR(INDEX($A$56:$A$63, MATCH(LARGE(INDEX($C$56:$T$63,0,COLUMN()-2)+ROW($A$56:$A$63)/1000, ROW(A2)), INDEX($C$56:$T$63,0,COLUMN()-2)+ROW($A$56:$A$63)/1000, 0)), "")} -> FINDLAY | D66: {=IFERROR(INDEX($A$56:$A$63, MATCH(LARGE(INDEX($C$56:$T$63,0,COLUMN()-2)+ROW($A$56:$A$63)/1000, ROW(B2)), INDEX($C$56:$T$63,0,COLUMN()-2)+ROW($A$56:$A$63)/1000, 0)), "")} -> HOLLANDS | E66: {=IFERROR(INDEX($A$56:$A$63, MATCH(LARGE(INDEX($C$56:$T$63,0,COLUMN()-2)+ROW($A$56:$A$63)/1000, ROW(C2)), INDEX($C$56:$T$63,0,COLUMN()-2)+ROW($A$56:$A$63)/1000, 0)), "")} -> LAING | F66: {=IFERROR(INDEX($A$56:$A$63, MATCH(LARGE(INDEX($C$56:$T$63,0,COLUMN()-2)+ROW($A$56:$A$63)/1000, ROW(D2)), INDEX($C$56:$T$63,0,COLUMN()-2)+ROW($A$56:$A$63)/1000, 0)), "")} -> HOLLANDS | G66: {=IFERROR(INDEX($A$56:$A$63, MATCH(LARGE(INDEX($C$56:$T$63,0,COLUMN()-2)+ROW($A$56:$A$63)/1000, ROW(E2)), INDEX($C$56:$T$63,0,COLUMN()-2)+ROW($A$56:$A$63)/1000, 0)), "")} -> FINDLAY | H66: {=IFERROR(INDEX($A$56:$A$63, MATCH(LARGE(INDEX($C$56:$T$63,0,COLUMN()-2)+ROW($A$56:$A$63)/1000, ROW(F2)), INDEX($C$56:$T$63,0,COLUMN()-2)+ROW($A$56:$A$63)/1000, 0)), "")} -> DEY | I66: {=IFERROR(INDEX($A$56:$A$63, MATCH(LARGE(INDEX($C$56:$T$63,0,COLUMN()-2)+ROW($A$56:$A$63)/1000, ROW(G2)), INDEX($C$56:$T$63,0,COLUMN()-2)+ROW($A$56:$A$63)/1000, 0)), "")} -> DEY | J66: {=IFERROR(INDEX($A$56:$A$63, MATCH(LARGE(INDEX($C$56:$T$63,0,COLUMN()-2)+ROW($A$56:$A$63)/1000, ROW(H2)), INDEX($C$56:$T$63,0,COLUMN()-2)+ROW($A$56:$A$63)/1000, 0)), "")} -> FINDLAY | ... T66: {=IFERROR(INDEX($A$56:$A$63, MATCH(LARGE(INDEX($C$56:$T$63,0,COLUMN()-2)+ROW($A$56:$A$63)/1000, ROW(R2)), INDEX($C$56:$T$63,0,COLUMN()-2)+ROW($A$56:$A$63)/1000, 0)), "")} -> REILLY
C67: {=IFERROR(INDEX($A$56:$A$63, MATCH(LARGE(INDEX($C$56:$T$63,0,COLUMN()-2)+ROW($A$56:$A$63)/1000, ROW(A3)), INDEX($C$56:$T$63,0,COLUMN()-2)+ROW($A$56:$A$63)/1000, 0)), "")} -> DONOVAN | D67: {=IFERROR(INDEX($A$56:$A$63, MATCH(LARGE(INDEX($C$56:$T$63,0,COLUMN()-2)+ROW($A$56:$A$63)/1000, ROW(B3)), INDEX($C$56:$T$63,0,COLUMN()-2)+ROW($A$56:$A$63)/1000, 0)), "")} -> FINDLAY | E67: {=IFERROR(INDEX($A$56:$A$63, MATCH(LARGE(INDEX($C$56:$T$63,0,COLUMN()-2)+ROW($A$56:$A$63)/1000, ROW(C3)), INDEX($C$56:$T$63,0,COLUMN()-2)+ROW($A$56:$A$63)/1000, 0)), "")} -> HOLLANDS | F67: {=IFERROR(INDEX($A$56:$A$63, MATCH(LARGE(INDEX($C$56:$T$63,0,COLUMN()-2)+ROW($A$56:$A$63)/1000, ROW(D3)), INDEX($C$56:$T$63,0,COLUMN()-2)+ROW($A$56:$A$63)/1000, 0)), "")} -> FINDLAY | G67: {=IFERROR(INDEX($A$56:$A$63, MATCH(LARGE(INDEX($C$56:$T$63,0,COLUMN()-2)+ROW($A$56:$A$63)/1000, ROW(E3)), INDEX($C$56:$T$63,0,COLUMN()-2)+ROW($A$56:$A$63)/1000, 0)), "")} -> LAING | H67: {=IFERROR(INDEX($A$56:$A$63, MATCH(LARGE(INDEX($C$56:$T$63,0,COLUMN()-2)+ROW($A$56:$A$63)/1000, ROW(F3)), INDEX($C$56:$T$63,0,COLUMN()-2)+ROW($A$56:$A$63)/1000, 0)), "")} -> HOLLANDS | I67: {=IFERROR(INDEX($A$56:$A$63, MATCH(LARGE(INDEX($C$56:$T$63,0,COLUMN()-2)+ROW($A$56:$A$63)/1000, ROW(G3)), INDEX($C$56:$T$63,0,COLUMN()-2)+ROW($A$56:$A$63)/1000, 0)), "")} -> HOLLANDS | J67: {=IFERROR(INDEX($A$56:$A$63, MATCH(LARGE(INDEX($C$56:$T$63,0,COLUMN()-2)+ROW($A$56:$A$63)/1000, ROW(H3)), INDEX($C$56:$T$63,0,COLUMN()-2)+ROW($A$56:$A$63)/1000, 0)), "")} -> DEY | ... T67: {=IFERROR(INDEX($A$56:$A$63, MATCH(LARGE(INDEX($C$56:$T$63,0,COLUMN()-2)+ROW($A$56:$A$63)/1000, ROW(R3)), INDEX($C$56:$T$63,0,COLUMN()-2)+ROW($A$56:$A$63)/1000, 0)), "")} -> LAING
C68: {=IFERROR(INDEX($A$56:$A$63, MATCH(LARGE(INDEX($C$56:$T$63,0,COLUMN()-2)+ROW($A$56:$A$63)/1000, ROW(A4)), INDEX($C$56:$T$63,0,COLUMN()-2)+ROW($A$56:$A$63)/1000, 0)), "")} -> STONES | D68: {=IFERROR(INDEX($A$56:$A$63, MATCH(LARGE(INDEX($C$56:$T$63,0,COLUMN()-2)+ROW($A$56:$A$63)/1000, ROW(B4)), INDEX($C$56:$T$63,0,COLUMN()-2)+ROW($A$56:$A$63)/1000, 0)), "")} -> STONES | E68: {=IFERROR(INDEX($A$56:$A$63, MATCH(LARGE(INDEX($C$56:$T$63,0,COLUMN()-2)+ROW($A$56:$A$63)/1000, ROW(C4)), INDEX($C$56:$T$63,0,COLUMN()-2)+ROW($A$56:$A$63)/1000, 0)), "")} -> FINDLAY | F68: {=IFERROR(INDEX($A$56:$A$63, MATCH(LARGE(INDEX($C$56:$T$63,0,COLUMN()-2)+ROW($A$56:$A$63)/1000, ROW(D4)), INDEX($C$56:$T$63,0,COLUMN()-2)+ROW($A$56:$A$63)/1000, 0)), "")} -> LAING | G68: {=IFERROR(INDEX($A$56:$A$63, MATCH(LARGE(INDEX($C$56:$T$63,0,COLUMN()-2)+ROW($A$56:$A$63)/1000, ROW(E4)), INDEX($C$56:$T$63,0,COLUMN()-2)+ROW($A$56:$A$63)/1000, 0)), "")} -> DONOVAN | H68: {=IFERROR(INDEX($A$56:$A$63, MATCH(LARGE(INDEX($C$56:$T$63,0,COLUMN()-2)+ROW($A$56:$A$63)/1000, ROW(F4)), INDEX($C$56:$T$63,0,COLUMN()-2)+ROW($A$56:$A$63)/1000, 0)), "")} -> FINDLAY | I68: {=IFERROR(INDEX($A$56:$A$63, MATCH(LARGE(INDEX($C$56:$T$63,0,COLUMN()-2)+ROW($A$56:$A$63)/1000, ROW(G4)), INDEX($C$56:$T$63,0,COLUMN()-2)+ROW($A$56:$A$63)/1000, 0)), "")} -> FINDLAY | J68: {=IFERROR(INDEX($A$56:$A$63, MATCH(LARGE(INDEX($C$56:$T$63,0,COLUMN()-2)+ROW($A$56:$A$63)/1000, ROW(H4)), INDEX($C$56:$T$63,0,COLUMN()-2)+ROW($A$56:$A$63)/1000, 0)), "")} -> LAING | ... T68: {=IFERROR(INDEX($A$56:$A$63, MATCH(LARGE(INDEX($C$56:$T$63,0,COLUMN()-2)+ROW($A$56:$A$63)/1000, ROW(R4)), INDEX($C$56:$T$63,0,COLUMN()-2)+ROW($A$56:$A$63)/1000, 0)), "")} -> HOLLANDS
C69: {=IFERROR(INDEX($A$56:$A$63, MATCH(LARGE(INDEX($C$56:$T$63,0,COLUMN()-2)+ROW($A$56:$A$63)/1000, ROW(A5)), INDEX($C$56:$T$63,0,COLUMN()-2)+ROW($A$56:$A$63)/1000, 0)), "")} -> REILLY | D69: {=IFERROR(INDEX($A$56:$A$63, MATCH(LARGE(INDEX($C$56:$T$63,0,COLUMN()-2)+ROW($A$56:$A$63)/1000, ROW(B5)), INDEX($C$56:$T$63,0,COLUMN()-2)+ROW($A$56:$A$63)/1000, 0)), "")} -> REILLY | E69: {=IFERROR(INDEX($A$56:$A$63, MATCH(LARGE(INDEX($C$56:$T$63,0,COLUMN()-2)+ROW($A$56:$A$63)/1000, ROW(C5)), INDEX($C$56:$T$63,0,COLUMN()-2)+ROW($A$56:$A$63)/1000, 0)), "")} -> STONES | F69: {=IFERROR(INDEX($A$56:$A$63, MATCH(LARGE(INDEX($C$56:$T$63,0,COLUMN()-2)+ROW($A$56:$A$63)/1000, ROW(D5)), INDEX($C$56:$T$63,0,COLUMN()-2)+ROW($A$56:$A$63)/1000, 0)), "")} -> STONES | G69: {=IFERROR(INDEX($A$56:$A$63, MATCH(LARGE(INDEX($C$56:$T$63,0,COLUMN()-2)+ROW($A$56:$A$63)/1000, ROW(E5)), INDEX($C$56:$T$63,0,COLUMN()-2)+ROW($A$56:$A$63)/1000, 0)), "")} -> STONES | H69: {=IFERROR(INDEX($A$56:$A$63, MATCH(LARGE(INDEX($C$56:$T$63,0,COLUMN()-2)+ROW($A$56:$A$63)/1000, ROW(F5)), INDEX($C$56:$T$63,0,COLUMN()-2)+ROW($A$56:$A$63)/1000, 0)), "")} -> LAING | I69: {=IFERROR(INDEX($A$56:$A$63, MATCH(LARGE(INDEX($C$56:$T$63,0,COLUMN()-2)+ROW($A$56:$A$63)/1000, ROW(G5)), INDEX($C$56:$T$63,0,COLUMN()-2)+ROW($A$56:$A$63)/1000, 0)), "")} -> DONOVAN | J69: {=IFERROR(INDEX($A$56:$A$63, MATCH(LARGE(INDEX($C$56:$T$63,0,COLUMN()-2)+ROW($A$56:$A$63)/1000, ROW(H5)), INDEX($C$56:$T$63,0,COLUMN()-2)+ROW($A$56:$A$63)/1000, 0)), "")} -> DONOVAN | ... T69: {=IFERROR(INDEX($A$56:$A$63, MATCH(LARGE(INDEX($C$56:$T$63,0,COLUMN()-2)+ROW($A$56:$A$63)/1000, ROW(R5)), INDEX($C$56:$T$63,0,COLUMN()-2)+ROW($A$56:$A$63)/1000, 0)), "")} -> FINDLAY
C70: {=IFERROR(INDEX($A$56:$A$63, MATCH(LARGE(INDEX($C$56:$T$63,0,COLUMN()-2)+ROW($A$56:$A$63)/1000, ROW(A6)), INDEX($C$56:$T$63,0,COLUMN()-2)+ROW($A$56:$A$63)/1000, 0)), "")} -> LAING | D70: {=IFERROR(INDEX($A$56:$A$63, MATCH(LARGE(INDEX($C$56:$T$63,0,COLUMN()-2)+ROW($A$56:$A$63)/1000, ROW(B6)), INDEX($C$56:$T$63,0,COLUMN()-2)+ROW($A$56:$A$63)/1000, 0)), "")} -> LAING | E70: {=IFERROR(INDEX($A$56:$A$63, MATCH(LARGE(INDEX($C$56:$T$63,0,COLUMN()-2)+ROW($A$56:$A$63)/1000, ROW(C6)), INDEX($C$56:$T$63,0,COLUMN()-2)+ROW($A$56:$A$63)/1000, 0)), "")} -> REILLY | F70: {=IFERROR(INDEX($A$56:$A$63, MATCH(LARGE(INDEX($C$56:$T$63,0,COLUMN()-2)+ROW($A$56:$A$63)/1000, ROW(D6)), INDEX($C$56:$T$63,0,COLUMN()-2)+ROW($A$56:$A$63)/1000, 0)), "")} -> REILLY | G70: {=IFERROR(INDEX($A$56:$A$63, MATCH(LARGE(INDEX($C$56:$T$63,0,COLUMN()-2)+ROW($A$56:$A$63)/1000, ROW(E6)), INDEX($C$56:$T$63,0,COLUMN()-2)+ROW($A$56:$A$63)/1000, 0)), "")} -> REILLY | H70: {=IFERROR(INDEX($A$56:$A$63, MATCH(LARGE(INDEX($C$56:$T$63,0,COLUMN()-2)+ROW($A$56:$A$63)/1000, ROW(F6)), INDEX($C$56:$T$63,0,COLUMN()-2)+ROW($A$56:$A$63)/1000, 0)), "")} -> DONOVAN | I70: {=IFERROR(INDEX($A$56:$A$63, MATCH(LARGE(INDEX($C$56:$T$63,0,COLUMN()-2)+ROW($A$56:$A$63)/1000, ROW(G6)), INDEX($C$56:$T$63,0,COLUMN()-2)+ROW($A$56:$A$63)/1000, 0)), "")} -> STONES | J70: {=IFERROR(INDEX($A$56:$A$63, MATCH(LARGE(INDEX($C$56:$T$63,0,COLUMN()-2)+ROW($A$56:$A$63)/1000, ROW(H6)), INDEX($C$56:$T$63,0,COLUMN()-2)+ROW($A$56:$A$63)/1000, 0)), "")} -> STONES | ... T70: {=IFERROR(INDEX($A$56:$A$63, MATCH(LARGE(INDEX($C$56:$T$63,0,COLUMN()-2)+ROW($A$56:$A$63)/1000, ROW(R6)), INDEX($C$56:$T$63,0,COLUMN()-2)+ROW($A$56:$A$63)/1000, 0)), "")} -> DONOVAN
C71: {=IFERROR(INDEX($A$56:$A$63, MATCH(LARGE(INDEX($C$56:$T$63,0,COLUMN()-2)+ROW($A$56:$A$63)/1000, ROW(A7)), INDEX($C$56:$T$63,0,COLUMN()-2)+ROW($A$56:$A$63)/1000, 0)), "")} -> DEY | D71: {=IFERROR(INDEX($A$56:$A$63, MATCH(LARGE(INDEX($C$56:$T$63,0,COLUMN()-2)+ROW($A$56:$A$63)/1000, ROW(B7)), INDEX($C$56:$T$63,0,COLUMN()-2)+ROW($A$56:$A$63)/1000, 0)), "")} -> DONOVAN | E71: {=IFERROR(INDEX($A$56:$A$63, MATCH(LARGE(INDEX($C$56:$T$63,0,COLUMN()-2)+ROW($A$56:$A$63)/1000, ROW(C7)), INDEX($C$56:$T$63,0,COLUMN()-2)+ROW($A$56:$A$63)/1000, 0)), "")} -> DEY | F71: {=IFERROR(INDEX($A$56:$A$63, MATCH(LARGE(INDEX($C$56:$T$63,0,COLUMN()-2)+ROW($A$56:$A$63)/1000, ROW(D7)), INDEX($C$56:$T$63,0,COLUMN()-2)+ROW($A$56:$A$63)/1000, 0)), "")} -> DEY | G71: {=IFERROR(INDEX($A$56:$A$63, MATCH(LARGE(INDEX($C$56:$T$63,0,COLUMN()-2)+ROW($A$56:$A$63)/1000, ROW(E7)), INDEX($C$56:$T$63,0,COLUMN()-2)+ROW($A$56:$A$63)/1000, 0)), "")} -> DEY | H71: {=IFERROR(INDEX($A$56:$A$63, MATCH(LARGE(INDEX($C$56:$T$63,0,COLUMN()-2)+ROW($A$56:$A$63)/1000, ROW(F7)), INDEX($C$56:$T$63,0,COLUMN()-2)+ROW($A$56:$A$63)/1000, 0)), "")} -> STONES | I71: {=IFERROR(INDEX($A$56:$A$63, MATCH(LARGE(INDEX($C$56:$T$63,0,COLUMN()-2)+ROW($A$56:$A$63)/1000, ROW(G7)), INDEX($C$56:$T$63,0,COLUMN()-2)+ROW($A$56:$A$63)/1000, 0)), "")} -> LAING | J71: {=IFERROR(INDEX($A$56:$A$63, MATCH(LARGE(INDEX($C$56:$T$63,0,COLUMN()-2)+ROW($A$56:$A$63)/1000, ROW(H7)), INDEX($C$56:$T$63,0,COLUMN()-2)+ROW($A$56:$A$63)/1000, 0)), "")} -> REILLY | ... T71: {=IFERROR(INDEX($A$56:$A$63, MATCH(LARGE(INDEX($C$56:$T$63,0,COLUMN()-2)+ROW($A$56:$A$63)/1000, ROW(R7)), INDEX($C$56:$T$63,0,COLUMN()-2)+ROW($A$56:$A$63)/1000, 0)), "")} -> DEY
C72: {=IFERROR(INDEX($A$56:$A$63, MATCH(LARGE(INDEX($C$56:$T$63,0,COLUMN()-2)+ROW($A$56:$A$63)/1000, ROW(A8)), INDEX($C$56:$T$63,0,COLUMN()-2)+ROW($A$56:$A$63)/1000, 0)), "")} -> BELLIS | D72: {=IFERROR(INDEX($A$56:$A$63, MATCH(LARGE(INDEX($C$56:$T$63,0,COLUMN()-2)+ROW($A$56:$A$63)/1000, ROW(B8)), INDEX($C$56:$T$63,0,COLUMN()-2)+ROW($A$56:$A$63)/1000, 0)), "")} -> DEY | E72: {=IFERROR(INDEX($A$56:$A$63, MATCH(LARGE(INDEX($C$56:$T$63,0,COLUMN()-2)+ROW($A$56:$A$63)/1000, ROW(C8)), INDEX($C$56:$T$63,0,COLUMN()-2)+ROW($A$56:$A$63)/1000, 0)), "")} -> BELLIS | F72: {=IFERROR(INDEX($A$56:$A$63, MATCH(LARGE(INDEX($C$56:$T$63,0,COLUMN()-2)+ROW($A$56:$A$63)/1000, ROW(D8)), INDEX($C$56:$T$63,0,COLUMN()-2)+ROW($A$56:$A$63)/1000, 0)), "")} -> BELLIS | G72: {=IFERROR(INDEX($A$56:$A$63, MATCH(LARGE(INDEX($C$56:$T$63,0,COLUMN()-2)+ROW($A$56:$A$63)/1000, ROW(E8)), INDEX($C$56:$T$63,0,COLUMN()-2)+ROW($A$56:$A$63)/1000, 0)), "")} -> BELLIS | H72: {=IFERROR(INDEX($A$56:$A$63, MATCH(LARGE(INDEX($C$56:$T$63,0,COLUMN()-2)+ROW($A$56:$A$63)/1000, ROW(F8)), INDEX($C$56:$T$63,0,COLUMN()-2)+ROW($A$56:$A$63)/1000, 0)), "")} -> BELLIS | I72: {=IFERROR(INDEX($A$56:$A$63, MATCH(LARGE(INDEX($C$56:$T$63,0,COLUMN()-2)+ROW($A$56:$A$63)/1000, ROW(G8)), INDEX($C$56:$T$63,0,COLUMN()-2)+ROW($A$56:$A$63)/1000, 0)), "")} -> BELLIS | J72: {=IFERROR(INDEX($A$56:$A$63, MATCH(LARGE(INDEX($C$56:$T$63,0,COLUMN()-2)+ROW($A$56:$A$63)/1000, ROW(H8)), INDEX($C$56:$T$63,0,COLUMN()-2)+ROW($A$56:$A$63)/1000, 0)), "")} -> BELLIS | ... T72: {=IFERROR(INDEX($A$56:$A$63, MATCH(LARGE(INDEX($C$56:$T$63,0,COLUMN()-2)+ROW($A$56:$A$63)/1000, ROW(R8)), INDEX($C$56:$T$63,0,COLUMN()-2)+ROW($A$56:$A$63)/1000, 0)), "")} -> BELLIS

Sheet Round3
A2: Round 3 - Tournament Standings
B3: TOURNAMENT STANDINGS
A6: RANK | B6: PLAYER | C6: SCORE | D6: POINTS
A7: ='RND 3 MSTB'!AD14 -> 1 | B7: ='RND 3 MSTB'!AE14 -> STONES | C7: ='RND 3 MSTB'!AF14 -> -6 | D7: ='RND 3 MSTB'!AG14 -> 24
A8: ='RND 3 MSTB'!AD15 -> 2 | B8: ='RND 3 MSTB'!AE15 -> REILLY | C8: ='RND 3 MSTB'!AF15 -> -7 | D8: ='RND 3 MSTB'!AG15 -> 21
A9: ='RND 3 MSTB'!AD16 -> 3 | B9: ='RND 3 MSTB'!AE16 -> LAING | C9: ='RND 3 MSTB'!AF16 -> -8 | D9: ='RND 3 MSTB'!AG16 -> 18
A10: ='RND 3 MSTB'!AD17 -> 4 | B10: ='RND 3 MSTB'!AE17 -> HOLLANDS | C10: ='RND 3 MSTB'!AF17 -> -9 | D10: ='RND 3 MSTB'!AG17 -> 15
A11: ='RND 3 MSTB'!AD18 -> 5 | B11: ='RND 3 MSTB'!AE18 -> FINDLAY | C11: ='RND 3 MSTB'!AF18 -> -12 | D11: ='RND 3 MSTB'!AG18 -> 12
A12: ='RND 3 MSTB'!AD19 -> 6 | B12: ='RND 3 MSTB'!AE19 -> DONOVAN | C12: ='RND 3 MSTB'!AF19 -> -15 | D12: ='RND 3 MSTB'!AG19 -> 9
A13: ='RND 3 MSTB'!AD20 -> 7 | B13: ='RND 3 MSTB'!AE20 -> DEY | C13: ='RND 3 MSTB'!AF20 -> -16 | D13: ='RND 3 MSTB'!AG20 -> 6
A14: ='RND 3 MSTB'!AD21 -> 8 | B14: ='RND 3 MSTB'!AE21 -> BELLIS | C14: ='RND 3 MSTB'!AF21 -> -17 | D14: ='RND 3 MSTB'!AG21 -> 3
A21: Round 3 - Strokes
A22: PLAYERS | B22: HCP | D22: HOLE | E22: 1 | F22: 2 | G22: 3 | H22: 4 | I22: 5 | J22: 6 | K22: 7 | L22: 8 | M22: 9 | N22: 10 | O22: 11 | P22: 12 | Q22: 13 | R22: 14 | S22: 15 | T22: 16 | U22: 17 | V22: 18 | W22: TOTAL
D23: PAR | E23: ='RND 1 STBL'!C5 -> 4 | F23: ='RND 1 STBL'!D5 -> 3 | G23: ='RND 1 STBL'!E5 -> 4 | H23: ='RND 1 STBL'!F5 -> 4 | I23: ='RND 1 STBL'!G5 -> 4 | J23: ='RND 1 STBL'!H5 -> 4 | K23: ='RND 1 STBL'!I5 -> 4 | L23: ='RND 1 STBL'!J5 -> 3 | ... V23: ='RND 1 STBL'!T5 -> 4
D24: S.I | E24: ='RND 1 STBL'!C6 -> 9 | F24: ='RND 1 STBL'!D6 -> 13 | G24: ='RND 1 STBL'!E6 -> 5 | H24: ='RND 1 STBL'!F6 -> 1 | I24: ='RND 1 STBL'!G6 -> 11 | J24: ='RND 1 STBL'!H6 -> 15 | K24: ='RND 1 STBL'!I6 -> 7 | L24: ='RND 1 STBL'!J6 -> 17 | ... V24: ='RND 1 STBL'!T6 -> 2
A26: ='RND 3 MSTB'!A7 -> BELLIS | B26: ='RND 3 MSTB'!B7 -> 1 | E26: ='RND 3 MSTB'!C7 -> 5 | F26: ='RND 3 MSTB'!D7 -> 5 | G26: ='RND 3 MSTB'!E7 -> 5 | H26: ='RND 3 MSTB'!F7 -> 5 | I26: ='RND 3 MSTB'!G7 -> 5 | J26: ='RND 3 MSTB'!H7 -> 5 | K26: ='RND 3 MSTB'!I7 -> 5 | L26: ='RND 3 MSTB'!J7 -> 5 | ... W26: ='RND 3 MSTB'!U7 -> 90
A27: ='RND 3 MSTB'!A8 -> DEY | B27: ='RND 3 MSTB'!B8 -> 2 | E27: ='RND 3 MSTB'!C8 -> 5 | F27: ='RND 3 MSTB'!D8 -> 5 | G27: ='RND 3 MSTB'!E8 -> 5 | H27: ='RND 3 MSTB'!F8 -> 5 | I27: ='RND 3 MSTB'!G8 -> 5 | J27: ='RND 3 MSTB'!H8 -> 5 | K27: ='RND 3 MSTB'!I8 -> 5 | L27: ='RND 3 MSTB'!J8 -> 5 | ... W27: ='RND 3 MSTB'!U8 -> 90
A28: ='RND 3 MSTB'!A9 -> DONOVAN | B28: ='RND 3 MSTB'!B9 -> 3 | E28: ='RND 3 MSTB'!C9 -> 5 | F28: ='RND 3 MSTB'!D9 -> 5 | G28: ='RND 3 MSTB'!E9 -> 5 | H28: ='RND 3 MSTB'!F9 -> 5 | I28: ='RND 3 MSTB'!G9 -> 5 | J28: ='RND 3 MSTB'!H9 -> 5 | K28: ='RND 3 MSTB'!I9 -> 5 | L28: ='RND 3 MSTB'!J9 -> 5 | ... W28: ='RND 3 MSTB'!U9 -> 90
A29: ='RND 3 MSTB'!A10 -> FINDLAY | B29: ='RND 3 MSTB'!B10 -> 4 | E29: ='RND 3 MSTB'!C10 -> 5 | F29: ='RND 3 MSTB'!D10 -> 5 | G29: ='RND 3 MSTB'!E10 -> 5 | H29: ='RND 3 MSTB'!F10 -> 5 | I29: ='RND 3 MSTB'!G10 -> 5 | J29: ='RND 3 MSTB'!H10 -> 5 | K29: ='RND 3 MSTB'!I10 -> 5 | L29: ='RND 3 MSTB'!J10 -> 5 | ... W29: ='RND 3 MSTB'!U10 -> 90
A30: ='RND 3 MSTB'!A11 -> HOLLANDS | B30: ='RND 3 MSTB'!B11 -> 5 | E30: ='RND 3 MSTB'!C11 -> 5 | F30: ='RND 3 MSTB'!D11 -> 5 | G30: ='RND 3 MSTB'!E11 -> 5 | H30: ='RND 3 MSTB'!F11 -> 5 | I30: ='RND 3 MSTB'!G11 -> 5 | J30: ='RND 3 MSTB'!H11 -> 5 | K30: ='RND 3 MSTB'!I11 -> 5 | L30: ='RND 3 MSTB'!J11 -> 5 | ... W30: ='RND 3 MSTB'!U11 -> 90
A31: ='RND 3 MSTB'!A12 -> LAING | B31: ='RND 3 MSTB'!B12 -> 6 | E31: ='RND 3 MSTB'!C12 -> 5 | F31: ='RND 3 MSTB'!D12 -> 5 | G31: ='RND 3 MSTB'!E12 -> 5 | H31: ='RND 3 MSTB'!F12 -> 5 | I31: ='RND 3 MSTB'!G12 -> 5 | J31: ='RND 3 MSTB'!H12 -> 5 | K31: ='RND 3 MSTB'!I12 -> 5 | L31: ='RND 3 MSTB'!J12 -> 5 | ... W31: ='RND 3 MSTB'!U12 -> 90
A32: ='RND 3 MSTB'!A13 -> REILLY | B32: ='RND 3 MSTB'!B13 -> 7 | E32: ='RND 3 MSTB'!C13 -> 5 | F32: ='RND 3 MSTB'!D13 -> 5 | G32: ='RND 3 MSTB'!E13 -> 5 | H32: ='RND 3 MSTB'!F13 -> 5 | I32: ='RND 3 MSTB'!G13 -> 5 | J32: ='RND 3 MSTB'!H13 -> 5 | K32: ='RND 3 MSTB'!I13 -> 5 | L32: ='RND 3 MSTB'!J13 -> 5 | ... W32: ='RND 3 MSTB'!U13 -> 90
A33: ='RND 3 MSTB'!A14 -> STONES | B33: ='RND 3 MSTB'!B14 -> 8 | E33: ='RND 3 MSTB'!C14 -> 5 | F33: ='RND 3 MSTB'!D14 -> 5 | G33: ='RND 3 MSTB'!E14 -> 5 | H33: ='RND 3 MSTB'!F14 -> 5 | I33: ='RND 3 MSTB'!G14 -> 5 | J33: ='RND 3 MSTB'!H14 -> 5 | K33: ='RND 3 MSTB'!I14 -> 5 | L33: ='RND 3 MSTB'!J14 -> 5 | ... W33: ='RND 3 MSTB'!U14 -> 90
A37: Round 3 - Modified Stableford Points
A38: PLAYERS | B38: HCP | D38: HOLE | E38: 1 | F38: 2 | G38: 3 | H38: 4 | I38: 5 | J38: 6 | K38: 7 | L38: 8 | M38: 9 | N38: 10 | O38: 11 | P38: 12 | Q38: 13 | R38: 14 | S38: 15 | T38: 16 | U38: 17 | V38: 18 | W38: TOTAL
D39: PAR | E39: =E23 -> 4 | F39: =F23 -> 3 | G39: =G23 -> 4 | H39: =H23 -> 4 | I39: =I23 -> 4 | J39: =J23 -> 4 | K39: =K23 -> 4 | L39: =L23 -> 3 | ... V39: =V23 -> 4
D40: S.I | E40: =E24 -> 9 | F40: =F24 -> 13 | G40: =G24 -> 5 | H40: =H24 -> 1 | I40: =I24 -> 11 | J40: =J24 -> 15 | K40: =K24 -> 7 | L40: =L24 -> 17 | ... V40: =V24 -> 2
A42: =A26 -> BELLIS | B42: =B26 -> 1 | E42: ='RND 3 MSTB'!C55 -> -1 | F42: ='RND 3 MSTB'!D55 -> 0 | G42: ='RND 3 MSTB'!E55 -> -2 | H42: ='RND 3 MSTB'!F55 -> 0 | I42: ='RND 3 MSTB'!G55 -> -1 | J42: ='RND 3 MSTB'!H55 -> 0 | K42: ='RND 3 MSTB'!I55 -> -2 | L42: ='RND 3 MSTB'!J55 -> -1 | ... W42: ='RND 3 MSTB'!U55 -> -17
A43: =A27 -> DEY | B43: =B27 -> 2 | E43: ='RND 3 MSTB'!C56 -> -1 | F43: ='RND 3 MSTB'!D56 -> 0 | G43: ='RND 3 MSTB'!E56 -> -2 | H43: ='RND 3 MSTB'!F56 -> 0 | I43: ='RND 3 MSTB'!G56 -> -1 | J43: ='RND 3 MSTB'!H56 -> 0 | K43: ='RND 3 MSTB'!I56 -> -2 | L43: ='RND 3 MSTB'!J56 -> -1 | ... W43: ='RND 3 MSTB'!U56 -> -16
A44: =A28 -> DONOVAN | B44: =B28 -> 3 | E44: ='RND 3 MSTB'!C57 -> -1 | F44: ='RND 3 MSTB'!D57 -> 0 | G44: ='RND 3 MSTB'!E57 -> -2 | H44: ='RND 3 MSTB'!F57 -> 0 | I44: ='RND 3 MSTB'!G57 -> 0 | J44: ='RND 3 MSTB'!H57 -> 0 | K44: ='RND 3 MSTB'!I57 -> -2 | L44: ='RND 3 MSTB'!J57 -> -1 | ... W44: ='RND 3 MSTB'!U57 -> -15
A45: =A29 -> FINDLAY | B45: =B29 -> 4 | E45: ='RND 3 MSTB'!C58 -> -1 | F45: ='RND 3 MSTB'!D58 -> 0 | G45: ='RND 3 MSTB'!E58 -> -2 | H45: ='RND 3 MSTB'!F58 -> 0 | I45: ='RND 3 MSTB'!G58 -> 0 | J45: ='RND 3 MSTB'!H58 -> 0 | K45: ='RND 3 MSTB'!I58 -> -2 | L45: ='RND 3 MSTB'!J58 -> -1 | ... W45: ='RND 3 MSTB'!U58 -> -12
A46: =A30 -> HOLLANDS | B46: =B30 -> 5 | E46: ='RND 3 MSTB'!C59 -> -1 | F46: ='RND 3 MSTB'!D59 -> 3 | G46: ='RND 3 MSTB'!E59 -> -2 | H46: ='RND 3 MSTB'!F59 -> 0 | I46: ='RND 3 MSTB'!G59 -> 0 | J46: ='RND 3 MSTB'!H59 -> 0 | K46: ='RND 3 MSTB'!I59 -> -2 | L46: ='RND 3 MSTB'!J59 -> -1 | ... W46: ='RND 3 MSTB'!U59 -> -9
A47: =A31 -> LAING | B47: =B31 -> 6 | E47: ='RND 3 MSTB'!C60 -> -1 | F47: ='RND 3 MSTB'!D60 -> 3 | G47: ='RND 3 MSTB'!E60 -> -2 | H47: ='RND 3 MSTB'!F60 -> 0 | I47: ='RND 3 MSTB'!G60 -> 0 | J47: ='RND 3 MSTB'!H60 -> 0 | K47: ='RND 3 MSTB'!I60 -> -2 | L47: ='RND 3 MSTB'!J60 -> -1 | ... W47: ='RND 3 MSTB'!U60 -> -8
A48: =A32 -> REILLY | B48: =B32 -> 7 | E48: ='RND 3 MSTB'!C61 -> -1 | F48: ='RND 3 MSTB'!D61 -> 3 | G48: ='RND 3 MSTB'!E61 -> -2 | H48: ='RND 3 MSTB'!F61 -> 0 | I48: ='RND 3 MSTB'!G61 -> 0 | J48: ='RND 3 MSTB'!H61 -> 0 | K48: ='RND 3 MSTB'!I61 -> -2 | L48: ='RND 3 MSTB'!J61 -> -1 | ... W48: ='RND 3 MSTB'!U61 -> -7
A49: =A33 -> STONES | B49: =B33 -> 8 | E49: ='RND 3 MSTB'!C62 -> -1 | F49: ='RND 3 MSTB'!D62 -> 3 | G49: ='RND 3 MSTB'!E62 -> -2 | H49: ='RND 3 MSTB'!F62 -> 0 | I49: ='RND 3 MSTB'!G62 -> 0 | J49: ='RND 3 MSTB'!H62 -> 0 | K49: ='RND 3 MSTB'!I62 -> -2 | L49: ='RND 3 MSTB'!J62 -> -1 | ... W49: ='RND 3 MSTB'!U62 -> -6
A72: Round 3 - Overall Table
D73: Round 1 | E73: Round 2 | F73: Round 3 | G73: Total
A74: ='OVERALL CALC'!Q50 -> 1ST | B74: ='OVERALL CALC'!R50 -> ⬆ | C74: ='OVERALL CALC'!S50 -> STONES | D74: ='OVERALL CALC'!T50 -> 24 | E74: ='OVERALL CALC'!U50 -> 7.5 | F74: ='OVERALL CALC'!V50 -> 24 | G74: ='OVERALL CALC'!W50 -> 55.5
A75: ='OVERALL CALC'!Q51 -> 2ND | B75: ='OVERALL CALC'!R51 -> ⬆ | C75: ='OVERALL CALC'!S51 -> REILLY | D75: ='OVERALL CALC'!T51 -> 18 | E75: ='OVERALL CALC'!U51 -> 12 | F75: ='OVERALL CALC'!V51 -> 21 | G75: ='OVERALL CALC'!W51 -> 51
A76: ='OVERALL CALC'!Q52 -> =3RD | B76: ='OVERALL CALC'!R52 -> ⬇ | C76: ='OVERALL CALC'!S52 -> HOLLANDS | D76: ='OVERALL CALC'!T52 -> 12 | E76: ='OVERALL CALC'!U52 -> 22.5 | F76: ='OVERALL CALC'!V52 -> 15 | G76: ='OVERALL CALC'!W52 -> 49.5
A77: ='OVERALL CALC'!Q53 -> =3RD | B77: ='OVERALL CALC'!R53 -> ⬇ | C77: ='OVERALL CALC'!S53 -> FINDLAY | D77: ='OVERALL CALC'!T53 -> 15 | E77: ='OVERALL CALC'!U53 -> 22.5 | F77: ='OVERALL CALC'!V53 -> 12 | G77: ='OVERALL CALC'!W53 -> 49.5
A78: ='OVERALL CALC'!Q54 -> 5TH | B78: ='OVERALL CALC'!R54 -> ⬆ | C78: ='OVERALL CALC'!S54 -> LAING | D78: ='OVERALL CALC'!T54 -> 3 | E78: ='OVERALL CALC'!U54 -> 15 | F78: ='OVERALL CALC'!V54 -> 18 | G78: ='OVERALL CALC'!W54 -> 36
A79: ='OVERALL CALC'!Q55 -> 6TH | B79: ='OVERALL CALC'!R55 -> ⬇ | C79: ='OVERALL CALC'!S55 -> DONOVAN | D79: ='OVERALL CALC'!T55 -> 7.5 | E79: ='OVERALL CALC'!U55 -> 18 | F79: ='OVERALL CALC'!V55 -> 9 | G79: ='OVERALL CALC'!W55 -> 34.5
A80: ='OVERALL CALC'!Q56 -> 7TH | B80: ='OVERALL CALC'!R56 -> ⬇ | C80: ='OVERALL CALC'!S56 -> BELLIS | D80: ='OVERALL CALC'!T56 -> 21 | E80: ='OVERALL CALC'!U56 -> 3 | F80: ='OVERALL CALC'!V56 -> 3 | G80: ='OVERALL CALC'!W56 -> 27
A81: ='OVERALL CALC'!Q57 -> 8TH | B81: ='OVERALL CALC'!R57 -> – | C81: ='OVERALL CALC'!S57 -> DEY | D81: ='OVERALL CALC'!T57 -> 7.5 | E81: ='OVERALL CALC'!U57 -> 7.5 | F81: ='OVERALL CALC'!V57 -> 6 | G81: ='OVERALL CALC'!W57 -> 21

Sheet RND 3 MSTB
A1: ROUND 3 CALCS | E1: RED MOUNTAIN | Y1: TOURNAMENT RANKER
E2: MODIFIED STABLEFORD
A4: PLAYERS | B4: HCP | C4: 1 | D4: 2 | E4: 3 | F4: 4 | G4: 5 | H4: 6 | I4: 7 | J4: 8 | K4: 9 | L4: 10 | M4: 11 | N4: 12 | O4: 13 | P4: 14 | Q4: 15 | R4: 16 | S4: 17 | T4: 18 | U4: TOTAL | V4: SCORECARD | Y4: =A7 -> BELLIS | Z4: =U55 -> -17 | AA4: =RANK(Z4,$Z$4:$Z$11,0) -> 8 | AD4: =IF(AA4=1,24,0)+(IF(AA4=2,21,0))+(IF(AA4=3,18,0))+(IF(AA4=4,15,0))+(IF(AA4=5,12,0))+(IF(AA4=6,9,0))+(IF(AA4=7,6,0))+(IF(AA4=8,3,0)) -> 3 | AE4: =COUNTIF($AD$4:$AD$11,AD4) -> 1 | AF4: =SUMIF($AD$4:$AD$11,AD4) -> 3 | AG4: =IF(AE4=3,AF4/3-3,0)+IF(AE4=2,AF4/2-1.5,0)+IF(AE4=1,AF4,0)+IF(AE4=4,AF4/4-4.5,0)+IF(AE4=5,AF4/5-6,0)+IF(AE4=6,AF4/6-7.5,0)+IF(AE4=7,AF4/7-9,0)+IF(AE4=8,AF4/8-10.5,0) -> 3
C5: 4 | D5: 5 | E5: 3 | F5: 5 | G5: 4 | H5: 4 | I5: 3 | J5: 4 | K5: 4 | L5: 4 | M5: 4 | N5: 5 | O5: 4 | P5: 3 | Q5: 4 | R5: 4 | S5: 3 | T5: 5 | Y5: =A8 -> DEY | Z5: =U56 -> -16 | AA5: =RANK(Z5,$Z$4:$Z$11,0) -> 7 | AD5: =IF(AA5=1,24,0)+(IF(AA5=2,21,0))+(IF(AA5=3,18,0))+(IF(AA5=4,15,0))+(IF(AA5=5,12,0))+(IF(AA5=6,9,0))+(IF(AA5=7,6,0))+(IF(AA5=8,3,0)) -> 6 | AE5: =COUNTIF($AD$4:$AD$11,AD5) -> 1 | AF5: =SUMIF($AD$4:$AD$11,AD5) -> 6 | AG5: =IF(AE5=3,AF5/3-3,0)+IF(AE5=2,AF5/2-1.5,0)+IF(AE5=1,AF5,0)+IF(AE5=4,AF5/4-4.5,0)+IF(AE5=5,AF5/5-6,0)+IF(AE5=6,AF5/6-7.5,0)+IF(AE5=7,AF5/7-9,0)+IF(AE5=8,AF5/8-10.5,0) -> 6
C6: 9 | D6: 5 | E6: 15 | F6: 11 | G6: 3 | H6: 1 | I6: 17 | J6: 13 | K6: 7 | L6: 8 | M6: 14 | N6: 10 | O6: 2 | P6: 6 | Q6: 12 | R6: 16 | S6: 18 | T6: 4 | Y6: =A9 -> DONOVAN | Z6: =U57 -> -15 | AA6: =RANK(Z6,$Z$4:$Z$11,0) -> 6 | AD6: =IF(AA6=1,24,0)+(IF(AA6=2,21,0))+(IF(AA6=3,18,0))+(IF(AA6=4,15,0))+(IF(AA6=5,12,0))+(IF(AA6=6,9,0))+(IF(AA6=7,6,0))+(IF(AA6=8,3,0)) -> 9 | AE6: =COUNTIF($AD$4:$AD$11,AD6) -> 1 | AF6: =SUMIF($AD$4:$AD$11,AD6) -> 9 | AG6: =IF(AE6=3,AF6/3-3,0)+IF(AE6=2,AF6/2-1.5,0)+IF(AE6=1,AF6,0)+IF(AE6=4,AF6/4-4.5,0)+IF(AE6=5,AF6/5-6,0)+IF(AE6=6,AF6/6-7.5,0)+IF(AE6=7,AF6/7-9,0)+IF(AE6=8,AF6/8-10.5,0) -> 9
A7: BELLIS | B7: 1 | C7: 5 | D7: 5 | E7: 5 | F7: 5 | G7: 5 | H7: 5 | I7: 5 | J7: 5 | K7: 5 | L7: 5 | M7: 5 | N7: 5 | O7: 5 | P7: 5 | Q7: 5 | R7: 5 | S7: 5 | T7: 5 | U7: =SUM(C7:T7) -> 90 | Y7: =A10 -> FINDLAY | Z7: =U58 -> -12 | AA7: =RANK(Z7,$Z$4:$Z$11,0) -> 5 | AD7: =IF(AA7=1,24,0)+(IF(AA7=2,21,0))+(IF(AA7=3,18,0))+(IF(AA7=4,15,0))+(IF(AA7=5,12,0))+(IF(AA7=6,9,0))+(IF(AA7=7,6,0))+(IF(AA7=8,3,0)) -> 12 | AE7: =COUNTIF($AD$4:$AD$11,AD7) -> 1 | AF7: =SUMIF($AD$4:$AD$11,AD7) -> 12 | AG7: =IF(AE7=3,AF7/3-3,0)+IF(AE7=2,AF7/2-1.5,0)+IF(AE7=1,AF7,0)+IF(AE7=4,AF7/4-4.5,0)+IF(AE7=5,AF7/5-6,0)+IF(AE7=6,AF7/6-7.5,0)+IF(AE7=7,AF7/7-9,0)+IF(AE7=8,AF7/8-10.5,0) -> 12
A8: DEY | B8: 2 | C8: 5 | D8: 5 | E8: 5 | F8: 5 | G8: 5 | H8: 5 | I8: 5 | J8: 5 | K8: 5 | L8: 5 | M8: 5 | N8: 5 | O8: 5 | P8: 5 | Q8: 5 | R8: 5 | S8: 5 | T8: 5 | U8: =SUM(C8:T8) -> 90 | Y8: =A11 -> HOLLANDS | Z8: =U59 -> -9 | AA8: =RANK(Z8,$Z$4:$Z$11,0) -> 4 | AD8: =IF(AA8=1,24,0)+(IF(AA8=2,21,0))+(IF(AA8=3,18,0))+(IF(AA8=4,15,0))+(IF(AA8=5,12,0))+(IF(AA8=6,9,0))+(IF(AA8=7,6,0))+(IF(AA8=8,3,0)) -> 15 | AE8: =COUNTIF($AD$4:$AD$11,AD8) -> 1 | AF8: =SUMIF($AD$4:$AD$11,AD8) -> 15 | AG8: =IF(AE8=3,AF8/3-3,0)+IF(AE8=2,AF8/2-1.5,0)+IF(AE8=1,AF8,0)+IF(AE8=4,AF8/4-4.5,0)+IF(AE8=5,AF8/5-6,0)+IF(AE8=6,AF8/6-7.5,0)+IF(AE8=7,AF8/7-9,0)+IF(AE8=8,AF8/8-10.5,0) -> 15
A9: DONOVAN | B9: 3 | C9: 5 | D9: 5 | E9: 5 | F9: 5 | G9: 5 | H9: 5 | I9: 5 | J9: 5 | K9: 5 | L9: 5 | M9: 5 | N9: 5 | O9: 5 | P9: 5 | Q9: 5 | R9: 5 | S9: 5 | T9: 5 | U9: =SUM(C9:T9) -> 90 | Y9: =A12 -> LAING | Z9: =U60 -> -8 | AA9: =RANK(Z9,$Z$4:$Z$11,0) -> 3 | AD9: =IF(AA9=1,24,0)+(IF(AA9=2,21,0))+(IF(AA9=3,18,0))+(IF(AA9=4,15,0))+(IF(AA9=5,12,0))+(IF(AA9=6,9,0))+(IF(AA9=7,6,0))+(IF(AA9=8,3,0)) -> 18 | AE9: =COUNTIF($AD$4:$AD$11,AD9) -> 1 | AF9: =SUMIF($AD$4:$AD$11,AD9) -> 18 | AG9: =IF(AE9=3,AF9/3-3,0)+IF(AE9=2,AF9/2-1.5,0)+IF(AE9=1,AF9,0)+IF(AE9=4,AF9/4-4.5,0)+IF(AE9=5,AF9/5-6,0)+IF(AE9=6,AF9/6-7.5,0)+IF(AE9=7,AF9/7-9,0)+IF(AE9=8,AF9/8-10.5,0) -> 18
A10: FINDLAY | B10: 4 | C10: 5 | D10: 5 | E10: 5 | F10: 5 | G10: 5 | H10: 5 | I10: 5 | J10: 5 | K10: 5 | L10: 5 | M10: 5 | N10: 5 | O10: 5 | P10: 5 | Q10: 5 | R10: 5 | S10: 5 | T10: 5 | U10: =SUM(C10:T10) -> 90 | Y10: =A13 -> REILLY | Z10: =U61 -> -7 | AA10: =RANK(Z10,$Z$4:$Z$11,0) -> 2 | AD10: =IF(AA10=1,24,0)+(IF(AA10=2,21,0))+(IF(AA10=3,18,0))+(IF(AA10=4,15,0))+(IF(AA10=5,12,0))+(IF(AA10=6,9,0))+(IF(AA10=7,6,0))+(IF(AA10=8,3,0)) -> 21 | AE10: =COUNTIF($AD$4:$AD$11,AD10) -> 1 | AF10: =SUMIF($AD$4:$AD$11,AD10) -> 21 | AG10: =IF(AE10=3,AF10/3-3,0)+IF(AE10=2,AF10/2-1.5,0)+IF(AE10=1,AF10,0)+IF(AE10=4,AF10/4-4.5,0)+IF(AE10=5,AF10/5-6,0)+IF(AE10=6,AF10/6-7.5,0)+IF(AE10=7,AF10/7-9,0)+IF(AE10=8,AF10/8-10.5,0) -> 21
A11: HOLLANDS | B11: 5 | C11: 5 | D11: 5 | E11: 5 | F11: 5 | G11: 5 | H11: 5 | I11: 5 | J11: 5 | K11: 5 | L11: 5 | M11: 5 | N11: 5 | O11: 5 | P11: 5 | Q11: 5 | R11: 5 | S11: 5 | T11: 5 | U11: =SUM(C11:T11) -> 90 | Y11: =A14 -> STONES | Z11: =U62 -> -6 | AA11: =RANK(Z11,$Z$4:$Z$11,0) -> 1 | AD11: =IF(AA11=1,24,0)+(IF(AA11=2,21,0))+(IF(AA11=3,18,0))+(IF(AA11=4,15,0))+(IF(AA11=5,12,0))+(IF(AA11=6,9,0))+(IF(AA11=7,6,0))+(IF(AA11=8,3,0)) -> 24 | AE11: =COUNTIF($AD$4:$AD$11,AD11) -> 1 | AF11: =SUMIF($AD$4:$AD$11,AD11) -> 24 | AG11: =IF(AE11=3,AF11/3-3,0)+IF(AE11=2,AF11/2-1.5,0)+IF(AE11=1,AF11,0)+IF(AE11=4,AF11/4-4.5,0)+IF(AE11=5,AF11/5-6,0)+IF(AE11=6,AF11/6-7.5,0)+IF(AE11=7,AF11/7-9,0)+IF(AE11=8,AF11/8-10.5,0) -> 24
A12: LAING | B12: 6 | C12: 5 | D12: 5 | E12: 5 | F12: 5 | G12: 5 | H12: 5 | I12: 5 | J12: 5 | K12: 5 | L12: 5 | M12: 5 | N12: 5 | O12: 5 | P12: 5 | Q12: 5 | R12: 5 | S12: 5 | T12: 5 | U12: =SUM(C12:T12) -> 90
A13: REILLY | B13: 7 | C13: 5 | D13: 5 | E13: 5 | F13: 5 | G13: 5 | H13: 5 | I13: 5 | J13: 5 | K13: 5 | L13: 5 | M13: 5 | N13: 5 | O13: 5 | P13: 5 | Q13: 5 | R13: 5 | S13: 5 | T13: 5 | U13: =SUM(C13:T13) -> 90
A14: STONES | B14: 8 | C14: 5 | D14: 5 | E14: 5 | F14: 5 | G14: 5 | H14: 5 | I14: 5 | J14: 5 | K14: 5 | L14: 5 | M14: 5 | N14: 5 | O14: 5 | P14: 5 | Q14: 5 | R14: 5 | S14: 5 | T14: 5 | U14: =SUM(C14:T14) -> 90 | Y14: =Y4 -> BELLIS | Z14: =Z4 -> -17 | AA14: =AG4 -> 3 | AB14: =RANK(Z14,$Z$14:$Z$21,0)+COUNTIF($Z$14:Z14,Z14)-1 -> 8 | AD14: 1 | AE14: =INDEX($Y$14:$AB$21,MATCH(AD14,$AB$14:$AB$21,0),1) -> STONES | AF14: =INDEX($Y$14:$AB$21,MATCH(AD14,$AB$14:$AB$21,0),2) -> -6 | AG14: =INDEX($Y$14:$AB$21,MATCH(AD14,$AB$14:$AB$21,0),3) -> 24
Y15: =Y5 -> DEY | Z15: =Z5 -> -16 | AA15: =AG5 -> 6 | AB15: =RANK(Z15,$Z$14:$Z$21,0)+COUNTIF($Z$14:Z15,Z15)-1 -> 7 | AD15: 2 | AE15: =INDEX($Y$14:$AB$21,MATCH(AD15,$AB$14:$AB$21,0),1) -> REILLY | AF15: =INDEX($Y$14:$AB$21,MATCH(AD15,$AB$14:$AB$21,0),2) -> -7 | AG15: =INDEX($Y$14:$AB$21,MATCH(AD15,$AB$14:$AB$21,0),3) -> 21
C16: 1 | D16: 2 | E16: 3 | F16: 4 | G16: 5 | H16: 6 | I16: 7 | J16: 8 | K16: 9 | L16: 10 | M16: 11 | N16: 12 | O16: 13 | P16: 14 | Q16: 15 | R16: 16 | S16: 17 | T16: 18 | U16: TOTAL | V16: HCP STRKS | Y16: =Y6 -> DONOVAN | Z16: =Z6 -> -15 | AA16: =AG6 -> 9 | AB16: =RANK(Z16,$Z$14:$Z$21,0)+COUNTIF($Z$14:Z16,Z16)-1 -> 6 | AD16: 3 | AE16: =INDEX($Y$14:$AB$21,MATCH(AD16,$AB$14:$AB$21,0),1) -> LAING | AF16: =INDEX($Y$14:$AB$21,MATCH(AD16,$AB$14:$AB$21,0),2) -> -8 | AG16: =INDEX($Y$14:$AB$21,MATCH(AD16,$AB$14:$AB$21,0),3) -> 18
C17: =C5 -> 4 | D17: =D5 -> 5 | E17: =E5 -> 3 | F17: =F5 -> 5 | G17: =G5 -> 4 | H17: =H5 -> 4 | I17: =I5 -> 3 | J17: =J5 -> 4 | ... T17: =T5 -> 5 | Y17: =Y7 -> FINDLAY | Z17: =Z7 -> -12 | AA17: =AG7 -> 12 | AB17: =RANK(Z17,$Z$14:$Z$21,0)+COUNTIF($Z$14:Z17,Z17)-1 -> 5 | AD17: 4 | AE17: =INDEX($Y$14:$AB$21,MATCH(AD17,$AB$14:$AB$21,0),1) -> HOLLANDS | AF17: =INDEX($Y$14:$AB$21,MATCH(AD17,$AB$14:$AB$21,0),2) -> -9 | AG17: =INDEX($Y$14:$AB$21,MATCH(AD17,$AB$14:$AB$21,0),3) -> 15
C18: =C6 -> 9 | D18: =D6 -> 5 | E18: =E6 -> 15 | F18: =F6 -> 11 | G18: =G6 -> 3 | H18: =H6 -> 1 | I18: =I6 -> 17 | J18: =J6 -> 13 | ... T18: =T6 -> 4 | Y18: =Y8 -> HOLLANDS | Z18: =Z8 -> -9 | AA18: =AG8 -> 15 | AB18: =RANK(Z18,$Z$14:$Z$21,0)+COUNTIF($Z$14:Z18,Z18)-1 -> 4 | AD18: 5 | AE18: =INDEX($Y$14:$AB$21,MATCH(AD18,$AB$14:$AB$21,0),1) -> FINDLAY | AF18: =INDEX($Y$14:$AB$21,MATCH(AD18,$AB$14:$AB$21,0),2) -> -12 | AG18: =INDEX($Y$14:$AB$21,MATCH(AD18,$AB$14:$AB$21,0),3) -> 12
A19: BELLIS | B19: =B7 -> 1 | C19: =IF($B$19>=C18,"●","")&(IF($B$19-18>=C18,"●","")) | D19: =IF($B$19>=D18,"●","")&(IF($B$19-18>=D18,"●","")) | E19: =IF($B$19>=E18,"●","")&(IF($B$19-18>=E18,"●","")) | F19: =IF($B$19>=F18,"●","")&(IF($B$19-18>=F18,"●","")) | G19: =IF($B$19>=G18,"●","")&(IF($B$19-18>=G18,"●","")) | H19: =IF($B$19>=H18,"●","")&(IF($B$19-18>=H18,"●","")) -> ● | I19: =IF($B$19>=I18,"●","")&(IF($B$19-18>=I18,"●","")) | J19: =IF($B$19>=J18,"●","")&(IF($B$19-18>=J18,"●","")) | ... T19: =IF($B$19>=T18,"●","")&(IF($B$19-18>=T18,"●","")) | Y19: =Y9 -> LAING | Z19: =Z9 -> -8 | AA19: =AG9 -> 18 | AB19: =RANK(Z19,$Z$14:$Z$21,0)+COUNTIF($Z$14:Z19,Z19)-1 -> 3 | AD19: 6 | AE19: =INDEX($Y$14:$AB$21,MATCH(AD19,$AB$14:$AB$21,0),1) -> DONOVAN | AF19: =INDEX($Y$14:$AB$21,MATCH(AD19,$AB$14:$AB$21,0),2) -> -15 | AG19: =INDEX($Y$14:$AB$21,MATCH(AD19,$AB$14:$AB$21,0),3) -> 9
A20: DEY | B20: =B8 -> 2 | C20: =IF($B$20>=C18,"●","")&(IF($B$20-18>=C18,"●","")) | D20: =IF($B$20>=D18,"●","")&(IF($B$20-18>=D18,"●","")) | E20: =IF($B$20>=E18,"●","")&(IF($B$20-18>=E18,"●","")) | F20: =IF($B$20>=F18,"●","")&(IF($B$20-18>=F18,"●","")) | G20: =IF($B$20>=G18,"●","")&(IF($B$20-18>=G18,"●","")) | H20: =IF($B$20>=H18,"●","")&(IF($B$20-18>=H18,"●","")) -> ● | I20: =IF($B$20>=I18,"●","")&(IF($B$20-18>=I18,"●","")) | J20: =IF($B$20>=J18,"●","")&(IF($B$20-18>=J18,"●","")) | ... T20: =IF($B$20>=T18,"●","")&(IF($B$20-18>=T18,"●","")) | Y20: =Y10 -> REILLY | Z20: =Z10 -> -7 | AA20: =AG10 -> 21 | AB20: =RANK(Z20,$Z$14:$Z$21,0)+COUNTIF($Z$14:Z20,Z20)-1 -> 2 | AD20: 7 | AE20: =INDEX($Y$14:$AB$21,MATCH(AD20,$AB$14:$AB$21,0),1) -> DEY | AF20: =INDEX($Y$14:$AB$21,MATCH(AD20,$AB$14:$AB$21,0),2) -> -16 | AG20: =INDEX($Y$14:$AB$21,MATCH(AD20,$AB$14:$AB$21,0),3) -> 6
A21: DONOVAN | B21: =B9 -> 3 | C21: =IF($B$21>=C18,"●","")&(IF($B$21-18>=C18,"●","")) | D21: =IF($B$21>=D18,"●","")&(IF($B$21-18>=D18,"●","")) | E21: =IF($B$21>=E18,"●","")&(IF($B$21-18>=E18,"●","")) | F21: =IF($B$21>=F18,"●","")&(IF($B$21-18>=F18,"●","")) | G21: =IF($B$21>=G18,"●","")&(IF($B$21-18>=G18,"●","")) -> ● | H21: =IF($B$21>=H18,"●","")&(IF($B$21-18>=H18,"●","")) -> ● | I21: =IF($B$21>=I18,"●","")&(IF($B$21-18>=I18,"●","")) | J21: =IF($B$21>=J18,"●","")&(IF($B$21-18>=J18,"●","")) | ... T21: =IF($B$21>=T18,"●","")&(IF($B$21-18>=T18,"●","")) | Y21: =Y11 -> STONES | Z21: =Z11 -> -6 | AA21: =AG11 -> 24 | AB21: =RANK(Z21,$Z$14:$Z$21,0)+COUNTIF($Z$14:Z21,Z21)-1 -> 1 | AD21: 8 | AE21: =INDEX($Y$14:$AB$21,MATCH(AD21,$AB$14:$AB$21,0),1) -> BELLIS | AF21: =INDEX($Y$14:$AB$21,MATCH(AD21,$AB$14:$AB$21,0),2) -> -17 | AG21: =INDEX($Y$14:$AB$21,MATCH(AD21,$AB$14:$AB$21,0),3) -> 3
A22: FINDLAY | B22: =B10 -> 4 | C22: =IF($B$22>=C18,"●","")&(IF($B$22-18>=C18,"●","")) | D22: =IF($B$22>=D18,"●","")&(IF($B$22-18>=D18,"●","")) | E22: =IF($B$22>=E18,"●","")&(IF($B$22-18>=E18,"●","")) | F22: =IF($B$22>=F18,"●","")&(IF($B$22-18>=F18,"●","")) | G22: =IF($B$22>=G18,"●","")&(IF($B$22-18>=G18,"●","")) -> ● | H22: =IF($B$22>=H18,"●","")&(IF($B$22-18>=H18,"●","")) -> ● | I22: =IF($B$22>=I18,"●","")&(IF($B$22-18>=I18,"●","")) | J22: =IF($B$22>=J18,"●","")&(IF($B$22-18>=J18,"●","")) | ... T22: =IF($B$22>=T18,"●","")&(IF($B$22-18>=T18,"●","")) -> ●
A23: HOLLANDS | B23: =B11 -> 5 | C23: =IF($B$23>=C18,"●","")&(IF($B$23-18>=C18,"●","")) | D23: =IF($B$23>=D18,"●","")&(IF($B$23-18>=D18,"●","")) -> ● | E23: =IF($B$23>=E18,"●","")&(IF($B$23-18>=E18,"●","")) | F23: =IF($B$23>=F18,"●","")&(IF($B$23-18>=F18,"●","")) | G23: =IF($B$23>=G18,"●","")&(IF($B$23-18>=G18,"●","")) -> ● | H23: =IF($B$23>=H18,"●","")&(IF($B$23-18>=H18,"●","")) -> ● | I23: =IF($B$23>=I18,"●","")&(IF($B$23-18>=I18,"●","")) | J23: =IF($B$23>=J18,"●","")&(IF($B$23-18>=J18,"●","")) | ... T23: =IF($B$23>=T18,"●","")&(IF($B$23-18>=T18,"●","")) -> ●
A24: LAING | B24: =B12 -> 6 | C24: =IF($B$24>=C18,"●","")&(IF($B$24-18>=C18,"●","")) | D24: =IF($B$24>=D18,"●","")&(IF($B$24-18>=D18,"●","")) -> ● | E24: =IF($B$24>=E18,"●","")&(IF($B$24-18>=E18,"●","")) | F24: =IF($B$24>=F18,"●","")&(IF($B$24-18>=F18,"●","")) | G24: =IF($B$24>=G18,"●","")&(IF($B$24-18>=G18,"●","")) -> ● | H24: =IF($B$24>=H18,"●","")&(IF($B$24-18>=H18,"●","")) -> ● | I24: =IF($B$24>=I18,"●","")&(IF($B$24-18>=I18,"●","")) | J24: =IF($B$24>=J18,"●","")&(IF($B$24-18>=J18,"●","")) | ... T24: =IF($B$24>=T18,"●","")&(IF($B$24-18>=T18,"●","")) -> ●
A25: REILLY | B25: =B13 -> 7 | C25: =IF($B$25>=C18,"●","")&(IF($B$25-18>=C18,"●","")) | D25: =IF($B$25>=D18,"●","")&(IF($B$25-18>=D18,"●","")) -> ● | E25: =IF($B$25>=E18,"●","")&(IF($B$25-18>=E18,"●","")) | F25: =IF($B$25>=F18,"●","")&(IF($B$25-18>=F18,"●","")) | G25: =IF($B$25>=G18,"●","")&(IF($B$25-18>=G18,"●","")) -> ● | H25: =IF($B$25>=H18,"●","")&(IF($B$25-18>=H18,"●","")) -> ● | I25: =IF($B$25>=I18,"●","")&(IF($B$25-18>=I18,"●","")) | J25: =IF($B$25>=J18,"●","")&(IF($B$25-18>=J18,"●","")) | ... T25: =IF($B$25>=T18,"●","")&(IF($B$25-18>=T18,"●","")) -> ●
A26: STONES | B26: =B14 -> 8 | C26: =IF($B$26>=C18,"●","")&(IF($B$26-18>=C18,"●","")) | D26: =IF($B$26>=D18,"●","")&(IF($B$26-18>=D18,"●","")) -> ● | E26: =IF($B$26>=E18,"●","")&(IF($B$26-18>=E18,"●","")) | F26: =IF($B$26>=F18,"●","")&(IF($B$26-18>=F18,"●","")) | G26: =IF($B$26>=G18,"●","")&(IF($B$26-18>=G18,"●","")) -> ● | H26: =IF($B$26>=H18,"●","")&(IF($B$26-18>=H18,"●","")) -> ● | I26: =IF($B$26>=I18,"●","")&(IF($B$26-18>=I18,"●","")) | J26: =IF($B$26>=J18,"●","")&(IF($B$26-18>=J18,"●","")) | ... T26: =IF($B$26>=T18,"●","")&(IF($B$26-18>=T18,"●","")) -> ●
C28: =C16 -> 1 | D28: =D16 -> 2 | E28: =E16 -> 3 | F28: =F16 -> 4 | G28: =G16 -> 5 | H28: =H16 -> 6 | I28: =I16 -> 7 | J28: =J16 -> 8 | ... T28: =T16 -> 18 | U28: TOTAL | V28: NET SCORE
C29: =C17 -> 4 | D29: =D17 -> 5 | E29: =E17 -> 3 | F29: =F17 -> 5 | G29: =G17 -> 4 | H29: =H17 -> 4 | I29: =I17 -> 3 | J29: =J17 -> 4 | ... T29: =T17 -> 5
C30: =C18 -> 9 | D30: =D18 -> 5 | E30: =E18 -> 15 | F30: =F18 -> 11 | G30: =G18 -> 3 | H30: =H18 -> 1 | I30: =I18 -> 17 | J30: =J18 -> 13 | ... T30: =T18 -> 4
A31: BELLIS | B31: =B19 -> 1 | C31: =C7+IF(C19="●",-1)+IF(C19="●●",-2) -> 5 | D31: =D7+IF(D19="●",-1)+IF(D19="●●",-2) -> 5 | E31: =E7+IF(E19="●",-1)+IF(E19="●●",-2) -> 5 | F31: =F7+IF(F19="●",-1)+IF(F19="●●",-2) -> 5 | G31: =G7+IF(G19="●",-1)+IF(G19="●●",-2) -> 5 | H31: =H7+IF(H19="●",-1)+IF(H19="●●",-2) -> 4 | I31: =I7+IF(I19="●",-1)+IF(I19="●●",-2) -> 5 | J31: =J7+IF(J19="●",-1)+IF(J19="●●",-2) -> 5 | ... T31: =T7+IF(T19="●",-1)+IF(T19="●●",-2) -> 5
A32: DEY | B32: =B20 -> 2 | C32: =C8+IF(C20="●",-1)+IF(C20="●●",-2) -> 5 | D32: =D8+IF(D20="●",-1)+IF(D20="●●",-2) -> 5 | E32: =E8+IF(E20="●",-1)+IF(E20="●●",-2) -> 5 | F32: =F8+IF(F20="●",-1)+IF(F20="●●",-2) -> 5 | G32: =G8+IF(G20="●",-1)+IF(G20="●●",-2) -> 5 | H32: =H8+IF(H20="●",-1)+IF(H20="●●",-2) -> 4 | I32: =I8+IF(I20="●",-1)+IF(I20="●●",-2) -> 5 | J32: =J8+IF(J20="●",-1)+IF(J20="●●",-2) -> 5 | ... T32: =T8+IF(T20="●",-1)+IF(T20="●●",-2) -> 5
A33: DONOVAN | B33: =B21 -> 3 | C33: =C9+IF(C21="●",-1)+IF(C21="●●",-2) -> 5 | D33: =D9+IF(D21="●",-1)+IF(D21="●●",-2) -> 5 | E33: =E9+IF(E21="●",-1)+IF(E21="●●",-2) -> 5 | F33: =F9+IF(F21="●",-1)+IF(F21="●●",-2) -> 5 | G33: =G9+IF(G21="●",-1)+IF(G21="●●",-2) -> 4 | H33: =H9+IF(H21="●",-1)+IF(H21="●●",-2) -> 4 | I33: =I9+IF(I21="●",-1)+IF(I21="●●",-2) -> 5 | J33: =J9+IF(J21="●",-1)+IF(J21="●●",-2) -> 5 | ... T33: =T9+IF(T21="●",-1)+IF(T21="●●",-2) -> 5
A34: FINDLAY | B34: =B22 -> 4 | C34: =C10+IF(C22="●",-1)+IF(C22="●●",-2) -> 5 | D34: =D10+IF(D22="●",-1)+IF(D22="●●",-2) -> 5 | E34: =E10+IF(E22="●",-1)+IF(E22="●●",-2) -> 5 | F34: =F10+IF(F22="●",-1)+IF(F22="●●",-2) -> 5 | G34: =G10+IF(G22="●",-1)+IF(G22="●●",-2) -> 4 | H34: =H10+IF(H22="●",-1)+IF(H22="●●",-2) -> 4 | I34: =I10+IF(I22="●",-1)+IF(I22="●●",-2) -> 5 | J34: =J10+IF(J22="●",-1)+IF(J22="●●",-2) -> 5 | ... T34: =T10+IF(T22="●",-1)+IF(T22="●●",-2) -> 4 | AB34: 4
A35: HOLLANDS | B35: =B23 -> 5 | C35: =C11+IF(C23="●",-1)+IF(C23="●●",-2) -> 5 | D35: =D11+IF(D23="●",-1)+IF(D23="●●",-2) -> 4 | E35: =E11+IF(E23="●",-1)+IF(E23="●●",-2) -> 5 | F35: =F11+IF(F23="●",-1)+IF(F23="●●",-2) -> 5 | G35: =G11+IF(G23="●",-1)+IF(G23="●●",-2) -> 4 | H35: =H11+IF(H23="●",-1)+IF(H23="●●",-2) -> 4 | I35: =I11+IF(I23="●",-1)+IF(I23="●●",-2) -> 5 | J35: =J11+IF(J23="●",-1)+IF(J23="●●",-2) -> 5 | ... T35: =T11+IF(T23="●",-1)+IF(T23="●●",-2) -> 4
A36: LAING | B36: =B24 -> 6 | C36: =C12+IF(C24="●",-1)+IF(C24="●●",-2) -> 5 | D36: =D12+IF(D24="●",-1)+IF(D24="●●",-2) -> 4 | E36: =E12+IF(E24="●",-1)+IF(E24="●●",-2) -> 5 | F36: =F12+IF(F24="●",-1)+IF(F24="●●",-2) -> 5 | G36: =G12+IF(G24="●",-1)+IF(G24="●●",-2) -> 4 | H36: =H12+IF(H24="●",-1)+IF(H24="●●",-2) -> 4 | I36: =I12+IF(I24="●",-1)+IF(I24="●●",-2) -> 5 | J36: =J12+IF(J24="●",-1)+IF(J24="●●",-2) -> 5 | ... T36: =T12+IF(T24="●",-1)+IF(T24="●●",-2) -> 4
A37: REILLY | B37: =B25 -> 7 | C37: =C13+IF(C25="●",-1)+IF(C25="●●",-2) -> 5 | D37: =D13+IF(D25="●",-1)+IF(D25="●●",-2) -> 4 | E37: =E13+IF(E25="●",-1)+IF(E25="●●",-2) -> 5 | F37: =F13+IF(F25="●",-1)+IF(F25="●●",-2) -> 5 | G37: =G13+IF(G25="●",-1)+IF(G25="●●",-2) -> 4 | H37: =H13+IF(H25="●",-1)+IF(H25="●●",-2) -> 4 | I37: =I13+IF(I25="●",-1)+IF(I25="●●",-2) -> 5 | J37: =J13+IF(J25="●",-1)+IF(J25="●●",-2) -> 5 | ... T37: =T13+IF(T25="●",-1)+IF(T25="●●",-2) -> 4
A38: STONES | B38: =B26 -> 8 | C38: =C14+IF(C26="●",-1)+IF(C26="●●",-2) -> 5 | D38: =D14+IF(D26="●",-1)+IF(D26="●●",-2) -> 4 | E38: =E14+IF(E26="●",-1)+IF(E26="●●",-2) -> 5 | F38: =F14+IF(F26="●",-1)+IF(F26="●●",-2) -> 5 | G38: =G14+IF(G26="●",-1)+IF(G26="●●",-2) -> 4 | H38: =H14+IF(H26="●",-1)+IF(H26="●●",-2) -> 4 | I38: =I14+IF(I26="●",-1)+IF(I26="●●",-2) -> 5 | J38: =J14+IF(J26="●",-1)+IF(J26="●●",-2) -> 5 | ... T38: =T14+IF(T26="●",-1)+IF(T26="●●",-2) -> 4
C40: =C28 -> 1 | D40: =D28 -> 2 | E40: =E28 -> 3 | F40: =F28 -> 4 | G40: =G28 -> 5 | H40: =H28 -> 6 | I40: =I28 -> 7 | J40: =J28 -> 8 | ... T40: =T28 -> 18 | U40: TOTAL | V40: STABLEFORD
C41: =C29 -> 4 | D41: =D29 -> 5 | E41: =E29 -> 3 | F41: =F29 -> 5 | G41: =G29 -> 4 | H41: =H29 -> 4 | I41: =I29 -> 3 | J41: =J29 -> 4 | ... T41: =T29 -> 5
C42: =C30 -> 9 | D42: =D30 -> 5 | E42: =E30 -> 15 | F42: =F30 -> 11 | G42: =G30 -> 3 | H42: =H30 -> 1 | I42: =I30 -> 17 | J42: =J30 -> 13 | ... T42: =T30 -> 4
A43: BELLIS | B43: =B31 -> 1 | C43: =C31-C29 -> 1 | D43: =D31-D29 -> 0 | E43: =E31-E29 -> 2 | F43: =F31-F29 -> 0 | G43: =G31-G29 -> 1 | H43: =H31-H29 -> 0 | I43: =I31-I29 -> 2 | J43: =J31-J29 -> 1 | ... T43: =T31-T29 -> 0
A44: DEY | B44: =B32 -> 2 | C44: =C32-C29 -> 1 | D44: =D32-D29 -> 0 | E44: =E32-E29 -> 2 | F44: =F32-F29 -> 0 | G44: =G32-G29 -> 1 | H44: =H32-H29 -> 0 | I44: =I32-I29 -> 2 | J44: =J32-J29 -> 1 | ... T44: =T32-T29 -> 0
A45: DONOVAN | B45: =B33 -> 3 | C45: =C33-C29 -> 1 | D45: =D33-D29 -> 0 | E45: =E33-E29 -> 2 | F45: =F33-F29 -> 0 | G45: =G33-G29 -> 0 | H45: =H33-H29 -> 0 | I45: =I33-I29 -> 2 | J45: =J33-J29 -> 1 | ... T45: =T33-T29 -> 0
A46: FINDLAY | B46: =B34 -> 4 | C46: =C34-C29 -> 1 | D46: =D34-D29 -> 0 | E46: =E34-E29 -> 2 | F46: =F34-F29 -> 0 | G46: =G34-G29 -> 0 | H46: =H34-H29 -> 0 | I46: =I34-I29 -> 2 | J46: =J34-J29 -> 1 | ... T46: =T34-T29 -> -1
A47: HOLLANDS | B47: =B35 -> 5 | C47: =C35-C29 -> 1 | D47: =D35-D29 -> -1 | E47: =E35-E29 -> 2 | F47: =F35-F29 -> 0 | G47: =G35-G29 -> 0 | H47: =H35-H29 -> 0 | I47: =I35-I29 -> 2 | J47: =J35-J29 -> 1 | ... T47: =T35-T29 -> -1
A48: LAING | B48: =B36 -> 6 | C48: =C36-C29 -> 1 | D48: =D36-D29 -> -1 | E48: =E36-E29 -> 2 | F48: =F36-F29 -> 0 | G48: =G36-G29 -> 0 | H48: =H36-H29 -> 0 | I48: =I36-I29 -> 2 | J48: =J36-J29 -> 1 | ... T48: =T36-T29 -> -1
A49: REILLY | B49: =B37 -> 7 | C49: =C37-C29 -> 1 | D49: =D37-D29 -> -1 | E49: =E37-E29 -> 2 | F49: =F37-F29 -> 0 | G49: =G37-G29 -> 0 | H49: =H37-H29 -> 0 | I49: =I37-I29 -> 2 | J49: =J37-J29 -> 1 | ... T49: =T37-T29 -> -1
A50: STONES | B50: =B38 -> 8 | C50: =C38-C29 -> 1 | D50: =D38-D29 -> -1 | E50: =E38-E29 -> 2 | F50: =F38-F29 -> 0 | G50: =G38-G29 -> 0 | H50: =H38-H29 -> 0 | I50: =I38-I29 -> 2 | J50: =J38-J29 -> 1 | ... T50: =T38-T29 -> -1
C52: =C40 -> 1 | D52: =D40 -> 2 | E52: =E40 -> 3 | F52: =F40 -> 4 | G52: =G40 -> 5 | H52: =H40 -> 6 | I52: =I40 -> 7 | J52: =J40 -> 8 | ... T52: =T40 -> 18 | U52: TOTAL | V52: STABLEFORD
C53: =C41 -> 4 | D53: =D41 -> 5 | E53: =E41 -> 3 | F53: =F41 -> 5 | G53: =G41 -> 4 | H53: =H41 -> 4 | I53: =I41 -> 3 | J53: =J41 -> 4 | ... T53: =T41 -> 5
C54: =C42 -> 9 | D54: =D42 -> 5 | E54: =E42 -> 15 | F54: =F42 -> 11 | G54: =G42 -> 3 | H54: =H42 -> 1 | I54: =I42 -> 17 | J54: =J42 -> 13 | ... T54: =T42 -> 4
A55: BELLIS | B55: =B43 -> 1 | C55: =IF(C43=-4,12)+(IF(C43=-3,8))+(IF(C43=-2,5))+(IF(C43=-1,3))+(IF(C43=0,0))+(IF(C43=1,-1))+(IF(C43>=2,-2)) -> -1 | D55: =IF(D43=-4,12)+(IF(D43=-3,8))+(IF(D43=-2,5))+(IF(D43=-1,3))+(IF(D43=0,0))+(IF(D43=1,-1))+(IF(D43>=2,-2)) -> 0 | E55: =IF(E43=-4,12)+(IF(E43=-3,8))+(IF(E43=-2,5))+(IF(E43=-1,3))+(IF(E43=0,0))+(IF(E43=1,-1))+(IF(E43>=2,-2)) -> -2 | F55: =IF(F43=-4,12)+(IF(F43=-3,8))+(IF(F43=-2,5))+(IF(F43=-1,3))+(IF(F43=0,0))+(IF(F43=1,-1))+(IF(F43>=2,-2)) -> 0 | G55: =IF(G43=-4,12)+(IF(G43=-3,8))+(IF(G43=-2,5))+(IF(G43=-1,3))+(IF(G43=0,0))+(IF(G43=1,-1))+(IF(G43>=2,-2)) -> -1 | H55: =IF(H43=-4,12)+(IF(H43=-3,8))+(IF(H43=-2,5))+(IF(H43=-1,3))+(IF(H43=0,0))+(IF(H43=1,-1))+(IF(H43>=2,-2)) -> 0 | I55: =IF(I43=-4,12)+(IF(I43=-3,8))+(IF(I43=-2,5))+(IF(I43=-1,3))+(IF(I43=0,0))+(IF(I43=1,-1))+(IF(I43>=2,-2)) -> -2 | J55: =IF(J43=-4,12)+(IF(J43=-3,8))+(IF(J43=-2,5))+(IF(J43=-1,3))+(IF(J43=0,0))+(IF(J43=1,-1))+(IF(J43>=2,-2)) -> -1 | ... T55: =IF(T43=-4,12)+(IF(T43=-3,8))+(IF(T43=-2,5))+(IF(T43=-1,3))+(IF(T43=0,0))+(IF(T43=1,-1))+(IF(T43>=2,-2)) -> 0 | U55: =SUM(C55:T55) -> -17
A56: DEY | B56: =B44 -> 2 | C56: =IF(C44=-4,12)+(IF(C44=-3,8))+(IF(C44=-2,5))+(IF(C44=-1,3))+(IF(C44=0,0))+(IF(C44=1,-1))+(IF(C44>=2,-2)) -> -1 | D56: =IF(D44=-4,12)+(IF(D44=-3,8))+(IF(D44=-2,5))+(IF(D44=-1,3))+(IF(D44=0,0))+(IF(D44=1,-1))+(IF(D44>=2,-2)) -> 0 | E56: =IF(E44=-4,12)+(IF(E44=-3,8))+(IF(E44=-2,5))+(IF(E44=-1,3))+(IF(E44=0,0))+(IF(E44=1,-1))+(IF(E44>=2,-2)) -> -2 | F56: =IF(F44=-4,12)+(IF(F44=-3,8))+(IF(F44=-2,5))+(IF(F44=-1,3))+(IF(F44=0,0))+(IF(F44=1,-1))+(IF(F44>=2,-2)) -> 0 | G56: =IF(G44=-4,12)+(IF(G44=-3,8))+(IF(G44=-2,5))+(IF(G44=-1,3))+(IF(G44=0,0))+(IF(G44=1,-1))+(IF(G44>=2,-2)) -> -1 | H56: =IF(H44=-4,12)+(IF(H44=-3,8))+(IF(H44=-2,5))+(IF(H44=-1,3))+(IF(H44=0,0))+(IF(H44=1,-1))+(IF(H44>=2,-2)) -> 0 | I56: =IF(I44=-4,12)+(IF(I44=-3,8))+(IF(I44=-2,5))+(IF(I44=-1,3))+(IF(I44=0,0))+(IF(I44=1,-1))+(IF(I44>=2,-2)) -> -2 | J56: =IF(J44=-4,12)+(IF(J44=-3,8))+(IF(J44=-2,5))+(IF(J44=-1,3))+(IF(J44=0,0))+(IF(J44=1,-1))+(IF(J44>=2,-2)) -> -1 | ... T56: =IF(T44=-4,12)+(IF(T44=-3,8))+(IF(T44=-2,5))+(IF(T44=-1,3))+(IF(T44=0,0))+(IF(T44=1,-1))+(IF(T44>=2,-2)) -> 0 | U56: =SUM(C56:T56) -> -16
A57: DONOVAN | B57: =B45 -> 3 | C57: =IF(C45=-4,12)+(IF(C45=-3,8))+(IF(C45=-2,5))+(IF(C45=-1,3))+(IF(C45=0,0))+(IF(C45=1,-1))+(IF(C45>=2,-2)) -> -1 | D57: =IF(D45=-4,12)+(IF(D45=-3,8))+(IF(D45=-2,5))+(IF(D45=-1,3))+(IF(D45=0,0))+(IF(D45=1,-1))+(IF(D45>=2,-2)) -> 0 | E57: =IF(E45=-4,12)+(IF(E45=-3,8))+(IF(E45=-2,5))+(IF(E45=-1,3))+(IF(E45=0,0))+(IF(E45=1,-1))+(IF(E45>=2,-2)) -> -2 | F57: =IF(F45=-4,12)+(IF(F45=-3,8))+(IF(F45=-2,5))+(IF(F45=-1,3))+(IF(F45=0,0))+(IF(F45=1,-1))+(IF(F45>=2,-2)) -> 0 | G57: =IF(G45=-4,12)+(IF(G45=-3,8))+(IF(G45=-2,5))+(IF(G45=-1,3))+(IF(G45=0,0))+(IF(G45=1,-1))+(IF(G45>=2,-2)) -> 0 | H57: =IF(H45=-4,12)+(IF(H45=-3,8))+(IF(H45=-2,5))+(IF(H45=-1,3))+(IF(H45=0,0))+(IF(H45=1,-1))+(IF(H45>=2,-2)) -> 0 | I57: =IF(I45=-4,12)+(IF(I45=-3,8))+(IF(I45=-2,5))+(IF(I45=-1,3))+(IF(I45=0,0))+(IF(I45=1,-1))+(IF(I45>=2,-2)) -> -2 | J57: =IF(J45=-4,12)+(IF(J45=-3,8))+(IF(J45=-2,5))+(IF(J45=-1,3))+(IF(J45=0,0))+(IF(J45=1,-1))+(IF(J45>=2,-2)) -> -1 | ... T57: =IF(T45=-4,12)+(IF(T45=-3,8))+(IF(T45=-2,5))+(IF(T45=-1,3))+(IF(T45=0,0))+(IF(T45=1,-1))+(IF(T45>=2,-2)) -> 0 | U57: =SUM(C57:T57) -> -15
A58: FINDLAY | B58: =B46 -> 4 | C58: =IF(C46=-4,12)+(IF(C46=-3,8))+(IF(C46=-2,5))+(IF(C46=-1,3))+(IF(C46=0,0))+(IF(C46=1,-1))+(IF(C46>=2,-2)) -> -1 | D58: =IF(D46=-4,12)+(IF(D46=-3,8))+(IF(D46=-2,5))+(IF(D46=-1,3))+(IF(D46=0,0))+(IF(D46=1,-1))+(IF(D46>=2,-2)) -> 0 | E58: =IF(E46=-4,12)+(IF(E46=-3,8))+(IF(E46=-2,5))+(IF(E46=-1,3))+(IF(E46=0,0))+(IF(E46=1,-1))+(IF(E46>=2,-2)) -> -2 | F58: =IF(F46=-4,12)+(IF(F46=-3,8))+(IF(F46=-2,5))+(IF(F46=-1,3))+(IF(F46=0,0))+(IF(F46=1,-1))+(IF(F46>=2,-2)) -> 0 | G58: =IF(G46=-4,12)+(IF(G46=-3,8))+(IF(G46=-2,5))+(IF(G46=-1,3))+(IF(G46=0,0))+(IF(G46=1,-1))+(IF(G46>=2,-2)) -> 0 | H58: =IF(H46=-4,12)+(IF(H46=-3,8))+(IF(H46=-2,5))+(IF(H46=-1,3))+(IF(H46=0,0))+(IF(H46=1,-1))+(IF(H46>=2,-2)) -> 0 | I58: =IF(I46=-4,12)+(IF(I46=-3,8))+(IF(I46=-2,5))+(IF(I46=-1,3))+(IF(I46=0,0))+(IF(I46=1,-1))+(IF(I46>=2,-2)) -> -2 | J58: =IF(J46=-4,12)+(IF(J46=-3,8))+(IF(J46=-2,5))+(IF(J46=-1,3))+(IF(J46=0,0))+(IF(J46=1,-1))+(IF(J46>=2,-2)) -> -1 | ... T58: =IF(T46=-4,12)+(IF(T46=-3,8))+(IF(T46=-2,5))+(IF(T46=-1,3))+(IF(T46=0,0))+(IF(T46=1,-1))+(IF(T46>=2,-2)) -> 3 | U58: =SUM(C58:T58) -> -12
A59: HOLLANDS | B59: =B47 -> 5 | C59: =IF(C47=-4,12)+(IF(C47=-3,8))+(IF(C47=-2,5))+(IF(C47=-1,3))+(IF(C47=0,0))+(IF(C47=1,-1))+(IF(C47>=2,-2)) -> -1 | D59: =IF(D47=-4,12)+(IF(D47=-3,8))+(IF(D47=-2,5))+(IF(D47=-1,3))+(IF(D47=0,0))+(IF(D47=1,-1))+(IF(D47>=2,-2)) -> 3 | E59: =IF(E47=-4,12)+(IF(E47=-3,8))+(IF(E47=-2,5))+(IF(E47=-1,3))+(IF(E47=0,0))+(IF(E47=1,-1))+(IF(E47>=2,-2)) -> -2 | F59: =IF(F47=-4,12)+(IF(F47=-3,8))+(IF(F47=-2,5))+(IF(F47=-1,3))+(IF(F47=0,0))+(IF(F47=1,-1))+(IF(F47>=2,-2)) -> 0 | G59: =IF(G47=-4,12)+(IF(G47=-3,8))+(IF(G47=-2,5))+(IF(G47=-1,3))+(IF(G47=0,0))+(IF(G47=1,-1))+(IF(G47>=2,-2)) -> 0 | H59: =IF(H47=-4,12)+(IF(H47=-3,8))+(IF(H47=-2,5))+(IF(H47=-1,3))+(IF(H47=0,0))+(IF(H47=1,-1))+(IF(H47>=2,-2)) -> 0 | I59: =IF(I47=-4,12)+(IF(I47=-3,8))+(IF(I47=-2,5))+(IF(I47=-1,3))+(IF(I47=0,0))+(IF(I47=1,-1))+(IF(I47>=2,-2)) -> -2 | J59: =IF(J47=-4,12)+(IF(J47=-3,8))+(IF(J47=-2,5))+(IF(J47=-1,3))+(IF(J47=0,0))+(IF(J47=1,-1))+(IF(J47>=2,-2)) -> -1 | ... T59: =IF(T47=-4,12)+(IF(T47=-3,8))+(IF(T47=-2,5))+(IF(T47=-1,3))+(IF(T47=0,0))+(IF(T47=1,-1))+(IF(T47>=2,-2)) -> 3 | U59: =SUM(C59:T59) -> -9
A60: LAING | B60: =B48 -> 6 | C60: =IF(C48=-4,12)+(IF(C48=-3,8))+(IF(C48=-2,5))+(IF(C48=-1,3))+(IF(C48=0,0))+(IF(C48=1,-1))+(IF(C48>=2,-2)) -> -1 | D60: =IF(D48=-4,12)+(IF(D48=-3,8))+(IF(D48=-2,5))+(IF(D48=-1,3))+(IF(D48=0,0))+(IF(D48=1,-1))+(IF(D48>=2,-2)) -> 3 | E60: =IF(E48=-4,12)+(IF(E48=-3,8))+(IF(E48=-2,5))+(IF(E48=-1,3))+(IF(E48=0,0))+(IF(E48=1,-1))+(IF(E48>=2,-2)) -> -2 | F60: =IF(F48=-4,12)+(IF(F48=-3,8))+(IF(F48=-2,5))+(IF(F48=-1,3))+(IF(F48=0,0))+(IF(F48=1,-1))+(IF(F48>=2,-2)) -> 0 | G60: =IF(G48=-4,12)+(IF(G48=-3,8))+(IF(G48=-2,5))+(IF(G48=-1,3))+(IF(G48=0,0))+(IF(G48=1,-1))+(IF(G48>=2,-2)) -> 0 | H60: =IF(H48=-4,12)+(IF(H48=-3,8))+(IF(H48=-2,5))+(IF(H48=-1,3))+(IF(H48=0,0))+(IF(H48=1,-1))+(IF(H48>=2,-2)) -> 0 | I60: =IF(I48=-4,12)+(IF(I48=-3,8))+(IF(I48=-2,5))+(IF(I48=-1,3))+(IF(I48=0,0))+(IF(I48=1,-1))+(IF(I48>=2,-2)) -> -2 | J60: =IF(J48=-4,12)+(IF(J48=-3,8))+(IF(J48=-2,5))+(IF(J48=-1,3))+(IF(J48=0,0))+(IF(J48=1,-1))+(IF(J48>=2,-2)) -> -1 | ... T60: =IF(T48=-4,12)+(IF(T48=-3,8))+(IF(T48=-2,5))+(IF(T48=-1,3))+(IF(T48=0,0))+(IF(T48=1,-1))+(IF(T48>=2,-2)) -> 3 | U60: =SUM(C60:T60) -> -8
A61: REILLY | B61: =B49 -> 7 | C61: =IF(C49=-4,12)+(IF(C49=-3,8))+(IF(C49=-2,5))+(IF(C49=-1,3))+(IF(C49=0,0))+(IF(C49=1,-1))+(IF(C49>=2,-2)) -> -1 | D61: =IF(D49=-4,12)+(IF(D49=-3,8))+(IF(D49=-2,5))+(IF(D49=-1,3))+(IF(D49=0,0))+(IF(D49=1,-1))+(IF(D49>=2,-2)) -> 3 | E61: =IF(E49=-4,12)+(IF(E49=-3,8))+(IF(E49=-2,5))+(IF(E49=-1,3))+(IF(E49=0,0))+(IF(E49=1,-1))+(IF(E49>=2,-2)) -> -2 | F61: =IF(F49=-4,12)+(IF(F49=-3,8))+(IF(F49=-2,5))+(IF(F49=-1,3))+(IF(F49=0,0))+(IF(F49=1,-1))+(IF(F49>=2,-2)) -> 0 | G61: =IF(G49=-4,12)+(IF(G49=-3,8))+(IF(G49=-2,5))+(IF(G49=-1,3))+(IF(G49=0,0))+(IF(G49=1,-1))+(IF(G49>=2,-2)) -> 0 | H61: =IF(H49=-4,12)+(IF(H49=-3,8))+(IF(H49=-2,5))+(IF(H49=-1,3))+(IF(H49=0,0))+(IF(H49=1,-1))+(IF(H49>=2,-2)) -> 0 | I61: =IF(I49=-4,12)+(IF(I49=-3,8))+(IF(I49=-2,5))+(IF(I49=-1,3))+(IF(I49=0,0))+(IF(I49=1,-1))+(IF(I49>=2,-2)) -> -2 | J61: =IF(J49=-4,12)+(IF(J49=-3,8))+(IF(J49=-2,5))+(IF(J49=-1,3))+(IF(J49=0,0))+(IF(J49=1,-1))+(IF(J49>=2,-2)) -> -1 | ... T61: =IF(T49=-4,12)+(IF(T49=-3,8))+(IF(T49=-2,5))+(IF(T49=-1,3))+(IF(T49=0,0))+(IF(T49=1,-1))+(IF(T49>=2,-2)) -> 3 | U61: =SUM(C61:T61) -> -7
A62: STONES | B62: =B50 -> 8 | C62: =IF(C50=-4,12)+(IF(C50=-3,8))+(IF(C50=-2,5))+(IF(C50=-1,3))+(IF(C50=0,0))+(IF(C50=1,-1))+(IF(C50>=2,-2)) -> -1 | D62: =IF(D50=-4,12)+(IF(D50=-3,8))+(IF(D50=-2,5))+(IF(D50=-1,3))+(IF(D50=0,0))+(IF(D50=1,-1))+(IF(D50>=2,-2)) -> 3 | E62: =IF(E50=-4,12)+(IF(E50=-3,8))+(IF(E50=-2,5))+(IF(E50=-1,3))+(IF(E50=0,0))+(IF(E50=1,-1))+(IF(E50>=2,-2)) -> -2 | F62: =IF(F50=-4,12)+(IF(F50=-3,8))+(IF(F50=-2,5))+(IF(F50=-1,3))+(IF(F50=0,0))+(IF(F50=1,-1))+(IF(F50>=2,-2)) -> 0 | G62: =IF(G50=-4,12)+(IF(G50=-3,8))+(IF(G50=-2,5))+(IF(G50=-1,3))+(IF(G50=0,0))+(IF(G50=1,-1))+(IF(G50>=2,-2)) -> 0 | H62: =IF(H50=-4,12)+(IF(H50=-3,8))+(IF(H50=-2,5))+(IF(H50=-1,3))+(IF(H50=0,0))+(IF(H50=1,-1))+(IF(H50>=2,-2)) -> 0 | I62: =IF(I50=-4,12)+(IF(I50=-3,8))+(IF(I50=-2,5))+(IF(I50=-1,3))+(IF(I50=0,0))+(IF(I50=1,-1))+(IF(I50>=2,-2)) -> -2 | J62: =IF(J50=-4,12)+(IF(J50=-3,8))+(IF(J50=-2,5))+(IF(J50=-1,3))+(IF(J50=0,0))+(IF(J50=1,-1))+(IF(J50>=2,-2)) -> -1 | ... T62: =IF(T50=-4,12)+(IF(T50=-3,8))+(IF(T50=-2,5))+(IF(T50=-1,3))+(IF(T50=0,0))+(IF(T50=1,-1))+(IF(T50>=2,-2)) -> 3 | U62: =SUM(C62:T62) -> -6

Sheet Round4
A2: Round 4 - Tournament Standings
B3: TOURNAMENT STANDINGS
A6: RANK | B6: PLAYER | C6: SCORE | D6: POINTS
A7: ='RND 4 STBL'!AD14 -> 1 | B7: ='RND 4 STBL'!AE14 -> BELLIS | C7: ='RND 4 STBL'!AF14 -> 37 | D7: ='RND 4 STBL'!AG14 -> 24
A8: ='RND 4 STBL'!AD15 -> 2 | B8: ='RND 4 STBL'!AE15 -> DEY | C8: ='RND 4 STBL'!AF15 -> 36 | D8: ='RND 4 STBL'!AG15 -> 21
A9: ='RND 4 STBL'!AD16 -> 3 | B9: ='RND 4 STBL'!AE16 -> DONOVAN | C9: ='RND 4 STBL'!AF16 -> 35 | D9: ='RND 4 STBL'!AG16 -> 10.5
A10: ='RND 4 STBL'!AD17 -> 4 | B10: ='RND 4 STBL'!AE17 -> FINDLAY | C10: ='RND 4 STBL'!AF17 -> 35 | D10: ='RND 4 STBL'!AG17 -> 10.5
A11: ='RND 4 STBL'!AD18 -> 5 | B11: ='RND 4 STBL'!AE18 -> HOLLANDS | C11: ='RND 4 STBL'!AF18 -> 35 | D11: ='RND 4 STBL'!AG18 -> 10.5
A12: ='RND 4 STBL'!AD19 -> 6 | B12: ='RND 4 STBL'!AE19 -> LAING | C12: ='RND 4 STBL'!AF19 -> 35 | D12: ='RND 4 STBL'!AG19 -> 10.5
A13: ='RND 4 STBL'!AD20 -> 7 | B13: ='RND 4 STBL'!AE20 -> REILLY | C13: ='RND 4 STBL'!AF20 -> 35 | D13: ='RND 4 STBL'!AG20 -> 10.5
A14: ='RND 4 STBL'!AD21 -> 8 | B14: ='RND 4 STBL'!AE21 -> STONES | C14: ='RND 4 STBL'!AF21 -> 35 | D14: ='RND 4 STBL'!AG21 -> 10.5
A21: Round 4 - Strokes
A22: PLAYERS | B22: HCP | D22: HOLE | E22: 1 | F22: 2 | G22: 3 | H22: 4 | I22: 5 | J22: 6 | K22: 7 | L22: 8 | M22: 9 | N22: 10 | O22: 11 | P22: 12 | Q22: 13 | R22: 14 | S22: 15 | T22: 16 | U22: 17 | V22: 18 | W22: TOTAL
D23: PAR | E23: ='RND 1 STBL'!C5 -> 4 | F23: ='RND 1 STBL'!D5 -> 3 | G23: ='RND 1 STBL'!E5 -> 4 | H23: ='RND 1 STBL'!F5 -> 4 | I23: ='RND 1 STBL'!G5 -> 4 | J23: ='RND 1 STBL'!H5 -> 4 | K23: ='RND 1 STBL'!I5 -> 4 | L23: ='RND 1 STBL'!J5 -> 3 | ... V23: ='RND 1 STBL'!T5 -> 4
D24: S.I | E24: ='RND 1 STBL'!C6 -> 9 | F24: ='RND 1 STBL'!D6 -> 13 | G24: ='RND 1 STBL'!E6 -> 5 | H24: ='RND 1 STBL'!F6 -> 1 | I24: ='RND 1 STBL'!G6 -> 11 | J24: ='RND 1 STBL'!H6 -> 15 | K24: ='RND 1 STBL'!I6 -> 7 | L24: ='RND 1 STBL'!J6 -> 17 | ... V24: ='RND 1 STBL'!T6 -> 2
A26: ='RND 4 STBL'!A7 -> BELLIS | B26: ='RND 4 STBL'!B7 -> 18 | E26: ='RND 4 STBL'!C7 -> 4 | F26: ='RND 4 STBL'!D7 -> 5 | G26: ='RND 4 STBL'!E7 -> 5 | H26: ='RND 4 STBL'!F7 -> 5 | I26: ='RND 4 STBL'!G7 -> 5 | J26: ='RND 4 STBL'!H7 -> 5 | K26: ='RND 4 STBL'!I7 -> 5 | L26: ='RND 4 STBL'!J7 -> 5 | ... W26: ='RND 4 STBL'!U7 -> 89
A27: ='RND 4 STBL'!A8 -> DEY | B27: ='RND 4 STBL'!B8 -> 18 | E27: ='RND 4 STBL'!C8 -> 5 | F27: ='RND 4 STBL'!D8 -> 5 | G27: ='RND 4 STBL'!E8 -> 5 | H27: ='RND 4 STBL'!F8 -> 5 | I27: ='RND 4 STBL'!G8 -> 5 | J27: ='RND 4 STBL'!H8 -> 5 | K27: ='RND 4 STBL'!I8 -> 5 | L27: ='RND 4 STBL'!J8 -> 5 | ... W27: ='RND 4 STBL'!U8 -> 90
A28: ='RND 4 STBL'!A9 -> DONOVAN | B28: ='RND 4 STBL'!B9 -> 18 | E28: ='RND 4 STBL'!C9 -> 6 | F28: ='RND 4 STBL'!D9 -> 5 | G28: ='RND 4 STBL'!E9 -> 5 | H28: ='RND 4 STBL'!F9 -> 5 | I28: ='RND 4 STBL'!G9 -> 5 | J28: ='RND 4 STBL'!H9 -> 5 | K28: ='RND 4 STBL'!I9 -> 5 | L28: ='RND 4 STBL'!J9 -> 5 | ... W28: ='RND 4 STBL'!U9 -> 91
A29: ='RND 4 STBL'!A10 -> FINDLAY | B29: ='RND 4 STBL'!B10 -> 18 | E29: ='RND 4 STBL'!C10 -> 7 | F29: ='RND 4 STBL'!D10 -> 5 | G29: ='RND 4 STBL'!E10 -> 5 | H29: ='RND 4 STBL'!F10 -> 5 | I29: ='RND 4 STBL'!G10 -> 5 | J29: ='RND 4 STBL'!H10 -> 5 | K29: ='RND 4 STBL'!I10 -> 5 | L29: ='RND 4 STBL'!J10 -> 5 | ... W29: ='RND 4 STBL'!U10 -> 92
A30: ='RND 4 STBL'!A11 -> HOLLANDS | B30: ='RND 4 STBL'!B11 -> 18 | E30: ='RND 4 STBL'!C11 -> 8 | F30: ='RND 4 STBL'!D11 -> 5 | G30: ='RND 4 STBL'!E11 -> 5 | H30: ='RND 4 STBL'!F11 -> 5 | I30: ='RND 4 STBL'!G11 -> 5 | J30: ='RND 4 STBL'!H11 -> 5 | K30: ='RND 4 STBL'!I11 -> 5 | L30: ='RND 4 STBL'!J11 -> 5 | ... W30: ='RND 4 STBL'!U11 -> 93
A31: ='RND 4 STBL'!A12 -> LAING | B31: ='RND 4 STBL'!B12 -> 18 | E31: ='RND 4 STBL'!C12 -> 9 | F31: ='RND 4 STBL'!D12 -> 5 | G31: ='RND 4 STBL'!E12 -> 5 | H31: ='RND 4 STBL'!F12 -> 5 | I31: ='RND 4 STBL'!G12 -> 5 | J31: ='RND 4 STBL'!H12 -> 5 | K31: ='RND 4 STBL'!I12 -> 5 | L31: ='RND 4 STBL'!J12 -> 5 | ... W31: ='RND 4 STBL'!U12 -> 94
A32: ='RND 4 STBL'!A13 -> REILLY | B32: ='RND 4 STBL'!B13 -> 18 | E32: ='RND 4 STBL'!C13 -> 10 | F32: ='RND 4 STBL'!D13 -> 5 | G32: ='RND 4 STBL'!E13 -> 5 | H32: ='RND 4 STBL'!F13 -> 5 | I32: ='RND 4 STBL'!G13 -> 5 | J32: ='RND 4 STBL'!H13 -> 5 | K32: ='RND 4 STBL'!I13 -> 5 | L32: ='RND 4 STBL'!J13 -> 5 | ... W32: ='RND 4 STBL'!U13 -> 95
A33: ='RND 4 STBL'!A14 -> STONES | B33: ='RND 4 STBL'!B14 -> 18 | E33: ='RND 4 STBL'!C14 -> 11 | F33: ='RND 4 STBL'!D14 -> 5 | G33: ='RND 4 STBL'!E14 -> 5 | H33: ='RND 4 STBL'!F14 -> 5 | I33: ='RND 4 STBL'!G14 -> 5 | J33: ='RND 4 STBL'!H14 -> 5 | K33: ='RND 4 STBL'!I14 -> 5 | L33: ='RND 4 STBL'!J14 -> 5 | ... W33: ='RND 4 STBL'!U14 -> 96
A37: Round 4 - Stableford Points
A38: PLAYERS | B38: HCP | D38: HOLE | E38: 1 | F38: 2 | G38: 3 | H38: 4 | I38: 5 | J38: 6 | K38: 7 | L38: 8 | M38: 9 | N38: 10 | O38: 11 | P38: 12 | Q38: 13 | R38: 14 | S38: 15 | T38: 16 | U38: 17 | V38: 18 | W38: TOTAL
D39: PAR | E39: =E23 -> 4 | F39: =F23 -> 3 | G39: =G23 -> 4 | H39: =H23 -> 4 | I39: =I23 -> 4 | J39: =J23 -> 4 | K39: =K23 -> 4 | L39: =L23 -> 3 | ... V39: =V23 -> 4
D40: S.I | E40: =E24 -> 9 | F40: =F24 -> 13 | G40: =G24 -> 5 | H40: =H24 -> 1 | I40: =I24 -> 11 | J40: =J24 -> 15 | K40: =K24 -> 7 | L40: =L24 -> 17 | ... V40: =V24 -> 2
A42: =A26 -> BELLIS | B42: =B26 -> 18 | E42: ='RND 4 STBL'!C55 -> 2 | F42: ='RND 4 STBL'!D55 -> 2 | G42: ='RND 4 STBL'!E55 -> 3 | H42: ='RND 4 STBL'!F55 -> 1 | I42: ='RND 4 STBL'!G55 -> 2 | J42: ='RND 4 STBL'!H55 -> 3 | K42: ='RND 4 STBL'!I55 -> 2 | L42: ='RND 4 STBL'!J55 -> 2 | ... W42: ='RND 4 STBL'!U55 -> 37
A43: =A27 -> DEY | B43: =B27 -> 18 | E43: ='RND 4 STBL'!C56 -> 1 | F43: ='RND 4 STBL'!D56 -> 2 | G43: ='RND 4 STBL'!E56 -> 3 | H43: ='RND 4 STBL'!F56 -> 1 | I43: ='RND 4 STBL'!G56 -> 2 | J43: ='RND 4 STBL'!H56 -> 3 | K43: ='RND 4 STBL'!I56 -> 2 | L43: ='RND 4 STBL'!J56 -> 2 | ... W43: ='RND 4 STBL'!U56 -> 36
A44: =A28 -> DONOVAN | B44: =B28 -> 18 | E44: ='RND 4 STBL'!C57 -> 0 | F44: ='RND 4 STBL'!D57 -> 2 | G44: ='RND 4 STBL'!E57 -> 3 | H44: ='RND 4 STBL'!F57 -> 1 | I44: ='RND 4 STBL'!G57 -> 2 | J44: ='RND 4 STBL'!H57 -> 3 | K44: ='RND 4 STBL'!I57 -> 2 | L44: ='RND 4 STBL'!J57 -> 2 | ... W44: ='RND 4 STBL'!U57 -> 35
A45: =A29 -> FINDLAY | B45: =B29 -> 18 | E45: ='RND 4 STBL'!C58 -> 0 | F45: ='RND 4 STBL'!D58 -> 2 | G45: ='RND 4 STBL'!E58 -> 3 | H45: ='RND 4 STBL'!F58 -> 1 | I45: ='RND 4 STBL'!G58 -> 2 | J45: ='RND 4 STBL'!H58 -> 3 | K45: ='RND 4 STBL'!I58 -> 2 | L45: ='RND 4 STBL'!J58 -> 2 | ... W45: ='RND 4 STBL'!U58 -> 35
A46: =A30 -> HOLLANDS | B46: =B30 -> 18 | E46: ='RND 4 STBL'!C59 -> 0 | F46: ='RND 4 STBL'!D59 -> 2 | G46: ='RND 4 STBL'!E59 -> 3 | H46: ='RND 4 STBL'!F59 -> 1 | I46: ='RND 4 STBL'!G59 -> 2 | J46: ='RND 4 STBL'!H59 -> 3 | K46: ='RND 4 STBL'!I59 -> 2 | L46: ='RND 4 STBL'!J59 -> 2 | ... W46: ='RND 4 STBL'!U59 -> 35
A47: =A31 -> LAING | B47: =B31 -> 18 | E47: ='RND 4 STBL'!C60 -> 0 | F47: ='RND 4 STBL'!D60 -> 2 | G47: ='RND 4 STBL'!E60 -> 3 | H47: ='RND 4 STBL'!F60 -> 1 | I47: ='RND 4 STBL'!G60 -> 2 | J47: ='RND 4 STBL'!H60 -> 3 | K47: ='RND 4 STBL'!I60 -> 2 | L47: ='RND 4 STBL'!J60 -> 2 | ... W47: ='RND 4 STBL'!U60 -> 35
A48: =A32 -> REILLY | B48: =B32 -> 18 | E48: ='RND 4 STBL'!C61 -> 0 | F48: ='RND 4 STBL'!D61 -> 2 | G48: ='RND 4 STBL'!E61 -> 3 | H48: ='RND 4 STBL'!F61 -> 1 | I48: ='RND 4 STBL'!G61 -> 2 | J48: ='RND 4 STBL'!H61 -> 3 | K48: ='RND 4 STBL'!I61 -> 2 | L48: ='RND 4 STBL'!J61 -> 2 | ... W48: ='RND 4 STBL'!U61 -> 35
A49: =A33 -> STONES | B49: =B33 -> 18 | E49: ='RND 4 STBL'!C62 -> 0 | F49: ='RND 4 STBL'!D62 -> 2 | G49: ='RND 4 STBL'!E62 -> 3 | H49: ='RND 4 STBL'!F62 -> 1 | I49: ='RND 4 STBL'!G62 -> 2 | J49: ='RND 4 STBL'!H62 -> 3 | K49: ='RND 4 STBL'!I62 -> 2 | L49: ='RND 4 STBL'!J62 -> 2 | ... W49: ='RND 4 STBL'!U62 -> 35
A72: Round 4 - Overall Table
D73: Round 1 | E73: Round 2 | F73: Round 3 | G73: Round 4 | H73: Total
A74: ='OVERALL CALC'!Q61 -> 1ST | B74: ='OVERALL CALC'!R61 -> – | C74: ='OVERALL CALC'!S61 -> STONES | D74: ='OVERALL CALC'!T61 -> 24 | E74: ='OVERALL CALC'!U61 -> 7.5 | F74: ='OVERALL CALC'!V61 -> 24 | G74: ='OVERALL CALC'!W61 -> 10.5 | H74: ='OVERALL CALC'!X61 -> 66
A75: ='OVERALL CALC'!Q62 -> 2ND | B75: ='OVERALL CALC'!R62 -> – | C75: ='OVERALL CALC'!S62 -> REILLY | D75: ='OVERALL CALC'!T62 -> 18 | E75: ='OVERALL CALC'!U62 -> 12 | F75: ='OVERALL CALC'!V62 -> 21 | G75: ='OVERALL CALC'!W62 -> 10.5 | H75: ='OVERALL CALC'!X62 -> 61.5
A76: ='OVERALL CALC'!Q63 -> =3RD | B76: ='OVERALL CALC'!R63 -> – | C76: ='OVERALL CALC'!S63 -> HOLLANDS | D76: ='OVERALL CALC'!T63 -> 12 | E76: ='OVERALL CALC'!U63 -> 22.5 | F76: ='OVERALL CALC'!V63 -> 15 | G76: ='OVERALL CALC'!W63 -> 10.5 | H76: ='OVERALL CALC'!X63 -> 60
A77: ='OVERALL CALC'!Q64 -> =3RD | B77: ='OVERALL CALC'!R64 -> – | C77: ='OVERALL CALC'!S64 -> FINDLAY | D77: ='OVERALL CALC'!T64 -> 15 | E77: ='OVERALL CALC'!U64 -> 22.5 | F77: ='OVERALL CALC'!V64 -> 12 | G77: ='OVERALL CALC'!W64 -> 10.5 | H77: ='OVERALL CALC'!X64 -> 60
A78: ='OVERALL CALC'!Q65 -> 5TH | B78: ='OVERALL CALC'!R65 -> ⬆ | C78: ='OVERALL CALC'!S65 -> BELLIS | D78: ='OVERALL CALC'!T65 -> 21 | E78: ='OVERALL CALC'!U65 -> 3 | F78: ='OVERALL CALC'!V65 -> 3 | G78: ='OVERALL CALC'!W65 -> 24 | H78: ='OVERALL CALC'!X65 -> 51
A79: ='OVERALL CALC'!Q66 -> 6TH | B79: ='OVERALL CALC'!R66 -> ⬇ | C79: ='OVERALL CALC'!S66 -> LAING | D79: ='OVERALL CALC'!T66 -> 3 | E79: ='OVERALL CALC'!U66 -> 15 | F79: ='OVERALL CALC'!V66 -> 18 | G79: ='OVERALL CALC'!W66 -> 10.5 | H79: ='OVERALL CALC'!X66 -> 46.5
A80: ='OVERALL CALC'!Q67 -> 7TH | B80: ='OVERALL CALC'!R67 -> ⬇ | C80: ='OVERALL CALC'!S67 -> DONOVAN | D80: ='OVERALL CALC'!T67 -> 7.5 | E80: ='OVERALL CALC'!U67 -> 18 | F80: ='OVERALL CALC'!V67 -> 9 | G80: ='OVERALL CALC'!W67 -> 10.5 | H80: ='OVERALL CALC'!X67 -> 45
A81: ='OVERALL CALC'!Q68 -> 8TH | B81: ='OVERALL CALC'!R68 -> – | C81: ='OVERALL CALC'!S68 -> DEY | D81: ='OVERALL CALC'!T68 -> 7.5 | E81: ='OVERALL CALC'!U68 -> 7.5 | F81: ='OVERALL CALC'!V68 -> 6 | G81: ='OVERALL CALC'!W68 -> 21 | H81: ='OVERALL CALC'!X68 -> 42

Sheet RND 4 STBL
A1: ROUND 5 CALCS | Y1: TOURNAMENT RANKER
A4: PLAYERS | B4: HCP | C4: 1 | D4: 2 | E4: 3 | F4: 4 | G4: 5 | H4: 6 | I4: 7 | J4: 8 | K4: 9 | L4: 10 | M4: 11 | N4: 12 | O4: 13 | P4: 14 | Q4: 15 | R4: 16 | S4: 17 | T4: 18 | U4: TOTAL | V4: SCORECARD | Y4: =A7 -> BELLIS | Z4: =U55 -> 37 | AA4: =RANK(Z4,$Z$4:$Z$11,0) -> 1 | AD4: =IF(AA4=1,24,0)+(IF(AA4=2,21,0))+(IF(AA4=3,18,0))+(IF(AA4=4,15,0))+(IF(AA4=5,12,0))+(IF(AA4=6,9,0))+(IF(AA4=7,6,0))+(IF(AA4=8,3,0)) -> 24 | AE4: =COUNTIF($AD$4:$AD$11,AD4) -> 1 | AF4: =SUMIF($AD$4:$AD$11,AD4) -> 24 | AG4: =IF(AE4=3,AF4/3-3,0)+IF(AE4=2,AF4/2-1.5,0)+IF(AE4=1,AF4,0)+IF(AE4=4,AF4/4-4.5,0)+IF(AE4=5,AF4/5-6,0)+IF(AE4=6,AF4/6-7.5,0)+IF(AE4=7,AF4/7-9,0)+IF(AE4=8,AF4/8-10.5,0) -> 24
C5: 3 | D5: 4 | E5: 5 | F5: 3 | G5: 4 | H5: 5 | I5: 4 | J5: 4 | K5: 4 | L5: 3 | M5: 4 | N5: 5 | O5: 3 | P5: 4 | Q5: 5 | R5: 4 | S5: 4 | T5: 4 | Y5: =A8 -> DEY | Z5: =U56 -> 36 | AA5: =RANK(Z5,$Z$4:$Z$11,0) -> 2 | AD5: =IF(AA5=1,24,0)+(IF(AA5=2,21,0))+(IF(AA5=3,18,0))+(IF(AA5=4,15,0))+(IF(AA5=5,12,0))+(IF(AA5=6,9,0))+(IF(AA5=7,6,0))+(IF(AA5=8,3,0)) -> 21 | AE5: =COUNTIF($AD$4:$AD$11,AD5) -> 1 | AF5: =SUMIF($AD$4:$AD$11,AD5) -> 21 | AG5: =IF(AE5=3,AF5/3-3,0)+IF(AE5=2,AF5/2-1.5,0)+IF(AE5=1,AF5,0)+IF(AE5=4,AF5/4-4.5,0)+IF(AE5=5,AF5/5-6,0)+IF(AE5=6,AF5/6-7.5,0)+IF(AE5=7,AF5/7-9,0)+IF(AE5=8,AF5/8-10.5,0) -> 21
C6: 5 | D6: 3 | E6: 1 | F6: 11 | G6: 9 | H6: 17 | I6: 13 | J6: 15 | K6: 7 | L6: 18 | M6: 16 | N6: 6 | O6: 8 | P6: 10 | Q6: 12 | R6: 14 | S6: 4 | T6: 2 | Y6: =A9 -> DONOVAN | Z6: =U57 -> 35 | AA6: =RANK(Z6,$Z$4:$Z$11,0) -> 3 | AD6: =IF(AA6=1,24,0)+(IF(AA6=2,21,0))+(IF(AA6=3,18,0))+(IF(AA6=4,15,0))+(IF(AA6=5,12,0))+(IF(AA6=6,9,0))+(IF(AA6=7,6,0))+(IF(AA6=8,3,0)) -> 18 | AE6: =COUNTIF($AD$4:$AD$11,AD6) -> 6 | AF6: =SUMIF($AD$4:$AD$11,AD6) -> 108 | AG6: =IF(AE6=3,AF6/3-3,0)+IF(AE6=2,AF6/2-1.5,0)+IF(AE6=1,AF6,0)+IF(AE6=4,AF6/4-4.5,0)+IF(AE6=5,AF6/5-6,0)+IF(AE6=6,AF6/6-7.5,0)+IF(AE6=7,AF6/7-9,0)+IF(AE6=8,AF6/8-10.5,0) -> 10.5
A7: BELLIS | B7: 18 | C7: 4 | D7: 5 | E7: 5 | F7: 5 | G7: 5 | H7: 5 | I7: 5 | J7: 5 | K7: 5 | L7: 5 | M7: 5 | N7: 5 | O7: 5 | P7: 5 | Q7: 5 | R7: 5 | S7: 5 | T7: 5 | U7: =SUM(C7:T7) -> 89 | Y7: =A10 -> FINDLAY | Z7: =U58 -> 35 | AA7: =RANK(Z7,$Z$4:$Z$11,0) -> 3 | AD7: =IF(AA7=1,24,0)+(IF(AA7=2,21,0))+(IF(AA7=3,18,0))+(IF(AA7=4,15,0))+(IF(AA7=5,12,0))+(IF(AA7=6,9,0))+(IF(AA7=7,6,0))+(IF(AA7=8,3,0)) -> 18 | AE7: =COUNTIF($AD$4:$AD$11,AD7) -> 6 | AF7: =SUMIF($AD$4:$AD$11,AD7) -> 108 | AG7: =IF(AE7=3,AF7/3-3,0)+IF(AE7=2,AF7/2-1.5,0)+IF(AE7=1,AF7,0)+IF(AE7=4,AF7/4-4.5,0)+IF(AE7=5,AF7/5-6,0)+IF(AE7=6,AF7/6-7.5,0)+IF(AE7=7,AF7/7-9,0)+IF(AE7=8,AF7/8-10.5,0) -> 10.5
A8: DEY | B8: 18 | C8: 5 | D8: 5 | E8: 5 | F8: 5 | G8: 5 | H8: 5 | I8: 5 | J8: 5 | K8: 5 | L8: 5 | M8: 5 | N8: 5 | O8: 5 | P8: 5 | Q8: 5 | R8: 5 | S8: 5 | T8: 5 | U8: =SUM(C8:T8) -> 90 | Y8: =A11 -> HOLLANDS | Z8: =U59 -> 35 | AA8: =RANK(Z8,$Z$4:$Z$11,0) -> 3 | AD8: =IF(AA8=1,24,0)+(IF(AA8=2,21,0))+(IF(AA8=3,18,0))+(IF(AA8=4,15,0))+(IF(AA8=5,12,0))+(IF(AA8=6,9,0))+(IF(AA8=7,6,0))+(IF(AA8=8,3,0)) -> 18 | AE8: =COUNTIF($AD$4:$AD$11,AD8) -> 6 | AF8: =SUMIF($AD$4:$AD$11,AD8) -> 108 | AG8: =IF(AE8=3,AF8/3-3,0)+IF(AE8=2,AF8/2-1.5,0)+IF(AE8=1,AF8,0)+IF(AE8=4,AF8/4-4.5,0)+IF(AE8=5,AF8/5-6,0)+IF(AE8=6,AF8/6-7.5,0)+IF(AE8=7,AF8/7-9,0)+IF(AE8=8,AF8/8-10.5,0) -> 10.5
A9: DONOVAN | B9: 18 | C9: 6 | D9: 5 | E9: 5 | F9: 5 | G9: 5 | H9: 5 | I9: 5 | J9: 5 | K9: 5 | L9: 5 | M9: 5 | N9: 5 | O9: 5 | P9: 5 | Q9: 5 | R9: 5 | S9: 5 | T9: 5 | U9: =SUM(C9:T9) -> 91 | Y9: =A12 -> LAING | Z9: =U60 -> 35 | AA9: =RANK(Z9,$Z$4:$Z$11,0) -> 3 | AD9: =IF(AA9=1,24,0)+(IF(AA9=2,21,0))+(IF(AA9=3,18,0))+(IF(AA9=4,15,0))+(IF(AA9=5,12,0))+(IF(AA9=6,9,0))+(IF(AA9=7,6,0))+(IF(AA9=8,3,0)) -> 18 | AE9: =COUNTIF($AD$4:$AD$11,AD9) -> 6 | AF9: =SUMIF($AD$4:$AD$11,AD9) -> 108 | AG9: =IF(AE9=3,AF9/3-3,0)+IF(AE9=2,AF9/2-1.5,0)+IF(AE9=1,AF9,0)+IF(AE9=4,AF9/4-4.5,0)+IF(AE9=5,AF9/5-6,0)+IF(AE9=6,AF9/6-7.5,0)+IF(AE9=7,AF9/7-9,0)+IF(AE9=8,AF9/8-10.5,0) -> 10.5
A10: FINDLAY | B10: 18 | C10: 7 | D10: 5 | E10: 5 | F10: 5 | G10: 5 | H10: 5 | I10: 5 | J10: 5 | K10: 5 | L10: 5 | M10: 5 | N10: 5 | O10: 5 | P10: 5 | Q10: 5 | R10: 5 | S10: 5 | T10: 5 | U10: =SUM(C10:T10) -> 92 | Y10: =A13 -> REILLY | Z10: =U61 -> 35 | AA10: =RANK(Z10,$Z$4:$Z$11,0) -> 3 | AD10: =IF(AA10=1,24,0)+(IF(AA10=2,21,0))+(IF(AA10=3,18,0))+(IF(AA10=4,15,0))+(IF(AA10=5,12,0))+(IF(AA10=6,9,0))+(IF(AA10=7,6,0))+(IF(AA10=8,3,0)) -> 18 | AE10: =COUNTIF($AD$4:$AD$11,AD10) -> 6 | AF10: =SUMIF($AD$4:$AD$11,AD10) -> 108 | AG10: =IF(AE10=3,AF10/3-3,0)+IF(AE10=2,AF10/2-1.5,0)+IF(AE10=1,AF10,0)+IF(AE10=4,AF10/4-4.5,0)+IF(AE10=5,AF10/5-6,0)+IF(AE10=6,AF10/6-7.5,0)+IF(AE10=7,AF10/7-9,0)+IF(AE10=8,AF10/8-10.5,0) -> 10.5
A11: HOLLANDS | B11: 18 | C11: 8 | D11: 5 | E11: 5 | F11: 5 | G11: 5 | H11: 5 | I11: 5 | J11: 5 | K11: 5 | L11: 5 | M11: 5 | N11: 5 | O11: 5 | P11: 5 | Q11: 5 | R11: 5 | S11: 5 | T11: 5 | U11: =SUM(C11:T11) -> 93 | Y11: =A14 -> STONES | Z11: =U62 -> 35 | AA11: =RANK(Z11,$Z$4:$Z$11,0) -> 3 | AD11: =IF(AA11=1,24,0)+(IF(AA11=2,21,0))+(IF(AA11=3,18,0))+(IF(AA11=4,15,0))+(IF(AA11=5,12,0))+(IF(AA11=6,9,0))+(IF(AA11=7,6,0))+(IF(AA11=8,3,0)) -> 18 | AE11: =COUNTIF($AD$4:$AD$11,AD11) -> 6 | AF11: =SUMIF($AD$4:$AD$11,AD11) -> 108 | AG11: =IF(AE11=3,AF11/3-3,0)+IF(AE11=2,AF11/2-1.5,0)+IF(AE11=1,AF11,0)+IF(AE11=4,AF11/4-4.5,0)+IF(AE11=5,AF11/5-6,0)+IF(AE11=6,AF11/6-7.5,0)+IF(AE11=7,AF11/7-9,0)+IF(AE11=8,AF11/8-10.5,0) -> 10.5
A12: LAING | B12: 18 | C12: 9 | D12: 5 | E12: 5 | F12: 5 | G12: 5 | H12: 5 | I12: 5 | J12: 5 | K12: 5 | L12: 5 | M12: 5 | N12: 5 | O12: 5 | P12: 5 | Q12: 5 | R12: 5 | S12: 5 | T12: 5 | U12: =SUM(C12:T12) -> 94
A13: REILLY | B13: 18 | C13: 10 | D13: 5 | E13: 5 | F13: 5 | G13: 5 | H13: 5 | I13: 5 | J13: 5 | K13: 5 | L13: 5 | M13: 5 | N13: 5 | O13: 5 | P13: 5 | Q13: 5 | R13: 5 | S13: 5 | T13: 5 | U13: =SUM(C13:T13) -> 95
A14: STONES | B14: 18 | C14: 11 | D14: 5 | E14: 5 | F14: 5 | G14: 5 | H14: 5 | I14: 5 | J14: 5 | K14: 5 | L14: 5 | M14: 5 | N14: 5 | O14: 5 | P14: 5 | Q14: 5 | R14: 5 | S14: 5 | T14: 5 | U14: =SUM(C14:T14) -> 96 | Y14: =Y4 -> BELLIS | Z14: =Z4 -> 37 | AA14: =AG4 -> 24 | AB14: =RANK(Z14,$Z$14:$Z$21,0)+COUNTIF($Z$14:Z14,Z14)-1 -> 1 | AD14: 1 | AE14: =INDEX($Y$14:$AB$21,MATCH(AD14,$AB$14:$AB$21,0),1) -> BELLIS | AF14: =INDEX($Y$14:$AB$21,MATCH(AD14,$AB$14:$AB$21,0),2) -> 37 | AG14: =INDEX($Y$14:$AB$21,MATCH(AD14,$AB$14:$AB$21,0),3) -> 24
Y15: =Y5 -> DEY | Z15: =Z5 -> 36 | AA15: =AG5 -> 21 | AB15: =RANK(Z15,$Z$14:$Z$21,0)+COUNTIF($Z$14:Z15,Z15)-1 -> 2 | AD15: 2 | AE15: =INDEX($Y$14:$AB$21,MATCH(AD15,$AB$14:$AB$21,0),1) -> DEY | AF15: =INDEX($Y$14:$AB$21,MATCH(AD15,$AB$14:$AB$21,0),2) -> 36 | AG15: =INDEX($Y$14:$AB$21,MATCH(AD15,$AB$14:$AB$21,0),3) -> 21
C16: 1 | D16: 2 | E16: 3 | F16: 4 | G16: 5 | H16: 6 | I16: 7 | J16: 8 | K16: 9 | L16: 10 | M16: 11 | N16: 12 | O16: 13 | P16: 14 | Q16: 15 | R16: 16 | S16: 17 | T16: 18 | U16: TOTAL | V16: HCP STRKS | Y16: =Y6 -> DONOVAN | Z16: =Z6 -> 35 | AA16: =AG6 -> 10.5 | AB16: =RANK(Z16,$Z$14:$Z$21,0)+COUNTIF($Z$14:Z16,Z16)-1 -> 3 | AD16: 3 | AE16: =INDEX($Y$14:$AB$21,MATCH(AD16,$AB$14:$AB$21,0),1) -> DONOVAN | AF16: =INDEX($Y$14:$AB$21,MATCH(AD16,$AB$14:$AB$21,0),2) -> 35 | AG16: =INDEX($Y$14:$AB$21,MATCH(AD16,$AB$14:$AB$21,0),3) -> 10.5
C17: 3 | D17: 4 | E17: 5 | F17: 3 | G17: 4 | H17: 5 | I17: 4 | J17: 4 | K17: 4 | L17: 3 | M17: 4 | N17: 5 | O17: 3 | P17: 4 | Q17: 5 | R17: 4 | S17: 4 | T17: 4 | Y17: =Y7 -> FINDLAY | Z17: =Z7 -> 35 | AA17: =AG7 -> 10.5 | AB17: =RANK(Z17,$Z$14:$Z$21,0)+COUNTIF($Z$14:Z17,Z17)-1 -> 4 | AD17: 4 | AE17: =INDEX($Y$14:$AB$21,MATCH(AD17,$AB$14:$AB$21,0),1) -> FINDLAY | AF17: =INDEX($Y$14:$AB$21,MATCH(AD17,$AB$14:$AB$21,0),2) -> 35 | AG17: =INDEX($Y$14:$AB$21,MATCH(AD17,$AB$14:$AB$21,0),3) -> 10.5
C18: 5 | D18: 3 | E18: 1 | F18: 11 | G18: 9 | H18: 17 | I18: 13 | J18: 15 | K18: 7 | L18: 18 | M18: 16 | N18: 6 | O18: 8 | P18: 10 | Q18: 12 | R18: 14 | S18: 4 | T18: 2 | Y18: =Y8 -> HOLLANDS | Z18: =Z8 -> 35 | AA18: =AG8 -> 10.5 | AB18: =RANK(Z18,$Z$14:$Z$21,0)+COUNTIF($Z$14:Z18,Z18)-1 -> 5 | AD18: 5 | AE18: =INDEX($Y$14:$AB$21,MATCH(AD18,$AB$14:$AB$21,0),1) -> HOLLANDS | AF18: =INDEX($Y$14:$AB$21,MATCH(AD18,$AB$14:$AB$21,0),2) -> 35 | AG18: =INDEX($Y$14:$AB$21,MATCH(AD18,$AB$14:$AB$21,0),3) -> 10.5
A19: BELLIS | B19: =B7 -> 18 | C19: =IF($B$19>=C18,"●","")&(IF($B$19-18>=C18,"●","")) -> ● | D19: =IF($B$19>=D18,"●","")&(IF($B$19-18>=D18,"●","")) -> ● | E19: =IF($B$19>=E18,"●","")&(IF($B$19-18>=E18,"●","")) -> ● | F19: =IF($B$19>=F18,"●","")&(IF($B$19-18>=F18,"●","")) -> ● | G19: =IF($B$19>=G18,"●","")&(IF($B$19-18>=G18,"●","")) -> ● | H19: =IF($B$19>=H18,"●","")&(IF($B$19-18>=H18,"●","")) -> ● | I19: =IF($B$19>=I18,"●","")&(IF($B$19-18>=I18,"●","")) -> ● | J19: =IF($B$19>=J18,"●","")&(IF($B$19-18>=J18,"●","")) -> ● | ... T19: =IF($B$19>=T18,"●","")&(IF($B$19-18>=T18,"●","")) -> ● | Y19: =Y9 -> LAING | Z19: =Z9 -> 35 | AA19: =AG9 -> 10.5 | AB19: =RANK(Z19,$Z$14:$Z$21,0)+COUNTIF($Z$14:Z19,Z19)-1 -> 6 | AD19: 6 | AE19: =INDEX($Y$14:$AB$21,MATCH(AD19,$AB$14:$AB$21,0),1) -> LAING | AF19: =INDEX($Y$14:$AB$21,MATCH(AD19,$AB$14:$AB$21,0),2) -> 35 | AG19: =INDEX($Y$14:$AB$21,MATCH(AD19,$AB$14:$AB$21,0),3) -> 10.5
A20: DEY | B20: =B8 -> 18 | C20: =IF($B$20>=C18,"●","")&(IF($B$20-18>=C18,"●","")) -> ● | D20: =IF($B$20>=D18,"●","")&(IF($B$20-18>=D18,"●","")) -> ● | E20: =IF($B$20>=E18,"●","")&(IF($B$20-18>=E18,"●","")) -> ● | F20: =IF($B$20>=F18,"●","")&(IF($B$20-18>=F18,"●","")) -> ● | G20: =IF($B$20>=G18,"●","")&(IF($B$20-18>=G18,"●","")) -> ● | H20: =IF($B$20>=H18,"●","")&(IF($B$20-18>=H18,"●","")) -> ● | I20: =IF($B$20>=I18,"●","")&(IF($B$20-18>=I18,"●","")) -> ● | J20: =IF($B$20>=J18,"●","")&(IF($B$20-18>=J18,"●","")) -> ● | ... T20: =IF($B$20>=T18,"●","")&(IF($B$20-18>=T18,"●","")) -> ● | Y20: =Y10 -> REILLY | Z20: =Z10 -> 35 | AA20: =AG10 -> 10.5 | AB20: =RANK(Z20,$Z$14:$Z$21,0)+COUNTIF($Z$14:Z20,Z20)-1 -> 7 | AD20: 7 | AE20: =INDEX($Y$14:$AB$21,MATCH(AD20,$AB$14:$AB$21,0),1) -> REILLY | AF20: =INDEX($Y$14:$AB$21,MATCH(AD20,$AB$14:$AB$21,0),2) -> 35 | AG20: =INDEX($Y$14:$AB$21,MATCH(AD20,$AB$14:$AB$21,0),3) -> 10.5
A21: DONOVAN | B21: =B9 -> 18 | C21: =IF($B$21>=C18,"●","")&(IF($B$21-18>=C18,"●","")) -> ● | D21: =IF($B$21>=D18,"●","")&(IF($B$21-18>=D18,"●","")) -> ● | E21: =IF($B$21>=E18,"●","")&(IF($B$21-18>=E18,"●","")) -> ● | F21: =IF($B$21>=F18,"●","")&(IF($B$21-18>=F18,"●","")) -> ● | G21: =IF($B$21>=G18,"●","")&(IF($B$21-18>=G18,"●","")) -> ● | H21: =IF($B$21>=H18,"●","")&(IF($B$21-18>=H18,"●","")) -> ● | I21: =IF($B$21>=I18,"●","")&(IF($B$21-18>=I18,"●","")) -> ● | J21: =IF($B$21>=J18,"●","")&(IF($B$21-18>=J18,"●","")) -> ● | ... T21: =IF($B$21>=T18,"●","")&(IF($B$21-18>=T18,"●","")) -> ● | Y21: =Y11 -> STONES | Z21: =Z11 -> 35 | AA21: =AG11 -> 10.5 | AB21: =RANK(Z21,$Z$14:$Z$21,0)+COUNTIF($Z$14:Z21,Z21)-1 -> 8 | AD21: 8 | AE21: =INDEX($Y$14:$AB$21,MATCH(AD21,$AB$14:$AB$21,0),1) -> STONES | AF21: =INDEX($Y$14:$AB$21,MATCH(AD21,$AB$14:$AB$21,0),2) -> 35 | AG21: =INDEX($Y$14:$AB$21,MATCH(AD21,$AB$14:$AB$21,0),3) -> 10.5
A22: FINDLAY | B22: =B10 -> 18 | C22: =IF($B$22>=C18,"●","")&(IF($B$22-18>=C18,"●","")) -> ● | D22: =IF($B$22>=D18,"●","")&(IF($B$22-18>=D18,"●","")) -> ● | E22: =IF($B$22>=E18,"●","")&(IF($B$22-18>=E18,"●","")) -> ● | F22: =IF($B$22>=F18,"●","")&(IF($B$22-18>=F18,"●","")) -> ● | G22: =IF($B$22>=G18,"●","")&(IF($B$22-18>=G18,"●","")) -> ● | H22: =IF($B$22>=H18,"●","")&(IF($B$22-18>=H18,"●","")) -> ● | I22: =IF($B$22>=I18,"●","")&(IF($B$22-18>=I18,"●","")) -> ● | J22: =IF($B$22>=J18,"●","")&(IF($B$22-18>=J18,"●","")) -> ● | ... T22: =IF($B$22>=T18,"●","")&(IF($B$22-18>=T18,"●","")) -> ●
A23: HOLLANDS | B23: =B11 -> 18 | C23: =IF($B$23>=C18,"●","")&(IF($B$23-18>=C18,"●","")) -> ● | D23: =IF($B$23>=D18,"●","")&(IF($B$23-18>=D18,"●","")) -> ● | E23: =IF($B$23>=E18,"●","")&(IF($B$23-18>=E18,"●","")) -> ● | F23: =IF($B$23>=F18,"●","")&(IF($B$23-18>=F18,"●","")) -> ● | G23: =IF($B$23>=G18,"●","")&(IF($B$23-18>=G18,"●","")) -> ● | H23: =IF($B$23>=H18,"●","")&(IF($B$23-18>=H18,"●","")) -> ● | I23: =IF($B$23>=I18,"●","")&(IF($B$23-18>=I18,"●","")) -> ● | J23: =IF($B$23>=J18,"●","")&(IF($B$23-18>=J18,"●","")) -> ● | ... T23: =IF($B$23>=T18,"●","")&(IF($B$23-18>=T18,"●","")) -> ●
A24: LAING | B24: =B12 -> 18 | C24: =IF($B$24>=C18,"●","")&(IF($B$24-18>=C18,"●","")) -> ● | D24: =IF($B$24>=D18,"●","")&(IF($B$24-18>=D18,"●","")) -> ● | E24: =IF($B$24>=E18,"●","")&(IF($B$24-18>=E18,"●","")) -> ● | F24: =IF($B$24>=F18,"●","")&(IF($B$24-18>=F18,"●","")) -> ● | G24: =IF($B$24>=G18,"●","")&(IF($B$24-18>=G18,"●","")) -> ● | H24: =IF($B$24>=H18,"●","")&(IF($B$24-18>=H18,"●","")) -> ● | I24: =IF($B$24>=I18,"●","")&(IF($B$24-18>=I18,"●","")) -> ● | J24: =IF($B$24>=J18,"●","")&(IF($B$24-18>=J18,"●","")) -> ● | ... T24: =IF($B$24>=T18,"●","")&(IF($B$24-18>=T18,"●","")) -> ●
A25: REILLY | B25: =B13 -> 18 | C25: =IF($B$25>=C18,"●","")&(IF($B$25-18>=C18,"●","")) -> ● | D25: =IF($B$25>=D18,"●","")&(IF($B$25-18>=D18,"●","")) -> ● | E25: =IF($B$25>=E18,"●","")&(IF($B$25-18>=E18,"●","")) -> ● | F25: =IF($B$25>=F18,"●","")&(IF($B$25-18>=F18,"●","")) -> ● | G25: =IF($B$25>=G18,"●","")&(IF($B$25-18>=G18,"●","")) -> ● | H25: =IF($B$25>=H18,"●","")&(IF($B$25-18>=H18,"●","")) -> ● | I25: =IF($B$25>=I18,"●","")&(IF($B$25-18>=I18,"●","")) -> ● | J25: =IF($B$25>=J18,"●","")&(IF($B$25-18>=J18,"●","")) -> ● | ... T25: =IF($B$25>=T18,"●","")&(IF($B$25-18>=T18,"●","")) -> ●
A26: STONES | B26: =B14 -> 18 | C26: =IF($B$26>=C18,"●","")&(IF($B$26-18>=C18,"●","")) -> ● | D26: =IF($B$26>=D18,"●","")&(IF($B$26-18>=D18,"●","")) -> ● | E26: =IF($B$26>=E18,"●","")&(IF($B$26-18>=E18,"●","")) -> ● | F26: =IF($B$26>=F18,"●","")&(IF($B$26-18>=F18,"●","")) -> ● | G26: =IF($B$26>=G18,"●","")&(IF($B$26-18>=G18,"●","")) -> ● | H26: =IF($B$26>=H18,"●","")&(IF($B$26-18>=H18,"●","")) -> ● | I26: =IF($B$26>=I18,"●","")&(IF($B$26-18>=I18,"●","")) -> ● | J26: =IF($B$26>=J18,"●","")&(IF($B$26-18>=J18,"●","")) -> ● | ... T26: =IF($B$26>=T18,"●","")&(IF($B$26-18>=T18,"●","")) -> ●
C28: 1 | D28: 2 | E28: 3 | F28: 4 | G28: 5 | H28: 6 | I28: 7 | J28: 8 | K28: 9 | L28: 10 | M28: 11 | N28: 12 | O28: 13 | P28: 14 | Q28: 15 | R28: 16 | S28: 17 | T28: 18 | U28: TOTAL | V28: NET SCORE
C29: 3 | D29: 4 | E29: 5 | F29: 3 | G29: 4 | H29: 5 | I29: 4 | J29: 4 | K29: 4 | L29: 3 | M29: 4 | N29: 5 | O29: 3 | P29: 4 | Q29: 5 | R29: 4 | S29: 4 | T29: 4
C30: 5 | D30: 3 | E30: 1 | F30: 11 | G30: 9 | H30: 17 | I30: 13 | J30: 15 | K30: 7 | L30: 18 | M30: 16 | N30: 6 | O30: 8 | P30: 10 | Q30: 12 | R30: 14 | S30: 4 | T30: 2
A31: BELLIS | B31: 8 | C31: =C7+IF(C19="●",-1)+IF(C19="●●",-2) -> 3 | D31: =D7+IF(D19="●",-1)+IF(D19="●●",-2) -> 4 | E31: =E7+IF(E19="●",-1)+IF(E19="●●",-2) -> 4 | F31: =F7+IF(F19="●",-1)+IF(F19="●●",-2) -> 4 | G31: =G7+IF(G19="●",-1)+IF(G19="●●",-2) -> 4 | H31: =H7+IF(H19="●",-1)+IF(H19="●●",-2) -> 4 | I31: =I7+IF(I19="●",-1)+IF(I19="●●",-2) -> 4 | J31: =J7+IF(J19="●",-1)+IF(J19="●●",-2) -> 4 | ... T31: =T7+IF(T19="●",-1)+IF(T19="●●",-2) -> 4
A32: DEY | B32: 17 | C32: =C8+IF(C20="●",-1)+IF(C20="●●",-2) -> 4 | D32: =D8+IF(D20="●",-1)+IF(D20="●●",-2) -> 4 | E32: =E8+IF(E20="●",-1)+IF(E20="●●",-2) -> 4 | F32: =F8+IF(F20="●",-1)+IF(F20="●●",-2) -> 4 | G32: =G8+IF(G20="●",-1)+IF(G20="●●",-2) -> 4 | H32: =H8+IF(H20="●",-1)+IF(H20="●●",-2) -> 4 | I32: =I8+IF(I20="●",-1)+IF(I20="●●",-2) -> 4 | J32: =J8+IF(J20="●",-1)+IF(J20="●●",-2) -> 4 | ... T32: =T8+IF(T20="●",-1)+IF(T20="●●",-2) -> 4
A33: DONOVAN | B33: 12 | C33: =C9+IF(C21="●",-1)+IF(C21="●●",-2) -> 5 | D33: =D9+IF(D21="●",-1)+IF(D21="●●",-2) -> 4 | E33: =E9+IF(E21="●",-1)+IF(E21="●●",-2) -> 4 | F33: =F9+IF(F21="●",-1)+IF(F21="●●",-2) -> 4 | G33: =G9+IF(G21="●",-1)+IF(G21="●●",-2) -> 4 | H33: =H9+IF(H21="●",-1)+IF(H21="●●",-2) -> 4 | I33: =I9+IF(I21="●",-1)+IF(I21="●●",-2) -> 4 | J33: =J9+IF(J21="●",-1)+IF(J21="●●",-2) -> 4 | ... T33: =T9+IF(T21="●",-1)+IF(T21="●●",-2) -> 4
A34: FINDLAY | B34: 13 | C34: =C10+IF(C22="●",-1)+IF(C22="●●",-2) -> 6 | D34: =D10+IF(D22="●",-1)+IF(D22="●●",-2) -> 4 | E34: =E10+IF(E22="●",-1)+IF(E22="●●",-2) -> 4 | F34: =F10+IF(F22="●",-1)+IF(F22="●●",-2) -> 4 | G34: =G10+IF(G22="●",-1)+IF(G22="●●",-2) -> 4 | H34: =H10+IF(H22="●",-1)+IF(H22="●●",-2) -> 4 | I34: =I10+IF(I22="●",-1)+IF(I22="●●",-2) -> 4 | J34: =J10+IF(J22="●",-1)+IF(J22="●●",-2) -> 4 | ... T34: =T10+IF(T22="●",-1)+IF(T22="●●",-2) -> 4
A35: HOLLANDS | B35: 9 | C35: =C11+IF(C23="●",-1)+IF(C23="●●",-2) -> 7 | D35: =D11+IF(D23="●",-1)+IF(D23="●●",-2) -> 4 | E35: =E11+IF(E23="●",-1)+IF(E23="●●",-2) -> 4 | F35: =F11+IF(F23="●",-1)+IF(F23="●●",-2) -> 4 | G35: =G11+IF(G23="●",-1)+IF(G23="●●",-2) -> 4 | H35: =H11+IF(H23="●",-1)+IF(H23="●●",-2) -> 4 | I35: =I11+IF(I23="●",-1)+IF(I23="●●",-2) -> 4 | J35: =J11+IF(J23="●",-1)+IF(J23="●●",-2) -> 4 | ... T35: =T11+IF(T23="●",-1)+IF(T23="●●",-2) -> 4
A36: LAING | B36: 3 | C36: =C12+IF(C24="●",-1)+IF(C24="●●",-2) -> 8 | D36: =D12+IF(D24="●",-1)+IF(D24="●●",-2) -> 4 | E36: =E12+IF(E24="●",-1)+IF(E24="●●",-2) -> 4 | F36: =F12+IF(F24="●",-1)+IF(F24="●●",-2) -> 4 | G36: =G12+IF(G24="●",-1)+IF(G24="●●",-2) -> 4 | H36: =H12+IF(H24="●",-1)+IF(H24="●●",-2) -> 4 | I36: =I12+IF(I24="●",-1)+IF(I24="●●",-2) -> 4 | J36: =J12+IF(J24="●",-1)+IF(J24="●●",-2) -> 4 | ... T36: =T12+IF(T24="●",-1)+IF(T24="●●",-2) -> 4
A37: REILLY | B37: 3 | C37: =C13+IF(C25="●",-1)+IF(C25="●●",-2) -> 9 | D37: =D13+IF(D25="●",-1)+IF(D25="●●",-2) -> 4 | E37: =E13+IF(E25="●",-1)+IF(E25="●●",-2) -> 4 | F37: =F13+IF(F25="●",-1)+IF(F25="●●",-2) -> 4 | G37: =G13+IF(G25="●",-1)+IF(G25="●●",-2) -> 4 | H37: =H13+IF(H25="●",-1)+IF(H25="●●",-2) -> 4 | I37: =I13+IF(I25="●",-1)+IF(I25="●●",-2) -> 4 | J37: =J13+IF(J25="●",-1)+IF(J25="●●",-2) -> 4 | ... T37: =T13+IF(T25="●",-1)+IF(T25="●●",-2) -> 4
A38: STONES | B38: 15 | C38: =C14+IF(C26="●",-1)+IF(C26="●●",-2) -> 10 | D38: =D14+IF(D26="●",-1)+IF(D26="●●",-2) -> 4 | E38: =E14+IF(E26="●",-1)+IF(E26="●●",-2) -> 4 | F38: =F14+IF(F26="●",-1)+IF(F26="●●",-2) -> 4 | G38: =G14+IF(G26="●",-1)+IF(G26="●●",-2) -> 4 | H38: =H14+IF(H26="●",-1)+IF(H26="●●",-2) -> 4 | I38: =I14+IF(I26="●",-1)+IF(I26="●●",-2) -> 4 | J38: =J14+IF(J26="●",-1)+IF(J26="●●",-2) -> 4 | ... T38: =T14+IF(T26="●",-1)+IF(T26="●●",-2) -> 4
C40: 1 | D40: 2 | E40: 3 | F40: 4 | G40: 5 | H40: 6 | I40: 7 | J40: 8 | K40: 9 | L40: 10 | M40: 11 | N40: 12 | O40: 13 | P40: 14 | Q40: 15 | R40: 16 | S40: 17 | T40: 18 | U40: TOTAL | V40: STABLEFORD
C41: 3 | D41: 4 | E41: 5 | F41: 3 | G41: 4 | H41: 5 | I41: 4 | J41: 4 | K41: 4 | L41: 3 | M41: 4 | N41: 5 | O41: 3 | P41: 4 | Q41: 5 | R41: 4 | S41: 4 | T41: 4
C42: 5 | D42: 3 | E42: 1 | F42: 11 | G42: 9 | H42: 17 | I42: 13 | J42: 15 | K42: 7 | L42: 18 | M42: 16 | N42: 6 | O42: 8 | P42: 10 | Q42: 12 | R42: 14 | S42: 4 | T42: 2
A43: BELLIS | B43: 8 | C43: =C31-C29 -> 0 | D43: =D31-D29 -> 0 | E43: =E31-E29 -> -1 | F43: =F31-F29 -> 1 | G43: =G31-G29 -> 0 | H43: =H31-H29 -> -1 | I43: =I31-I29 -> 0 | J43: =J31-J29 -> 0 | ... T43: =T31-T29 -> 0
A44: DEY | B44: 17 | C44: =C32-C29 -> 1 | D44: =D32-D29 -> 0 | E44: =E32-E29 -> -1 | F44: =F32-F29 -> 1 | G44: =G32-G29 -> 0 | H44: =H32-H29 -> -1 | I44: =I32-I29 -> 0 | J44: =J32-J29 -> 0 | ... T44: =T32-T29 -> 0
A45: DONOVAN | B45: 12 | C45: =C33-C29 -> 2 | D45: =D33-D29 -> 0 | E45: =E33-E29 -> -1 | F45: =F33-F29 -> 1 | G45: =G33-G29 -> 0 | H45: =H33-H29 -> -1 | I45: =I33-I29 -> 0 | J45: =J33-J29 -> 0 | ... T45: =T33-T29 -> 0
A46: FINDLAY | B46: 13 | C46: =C34-C29 -> 3 | D46: =D34-D29 -> 0 | E46: =E34-E29 -> -1 | F46: =F34-F29 -> 1 | G46: =G34-G29 -> 0 | H46: =H34-H29 -> -1 | I46: =I34-I29 -> 0 | J46: =J34-J29 -> 0 | ... T46: =T34-T29 -> 0
A47: HOLLANDS | B47: 9 | C47: =C35-C29 -> 4 | D47: =D35-D29 -> 0 | E47: =E35-E29 -> -1 | F47: =F35-F29 -> 1 | G47: =G35-G29 -> 0 | H47: =H35-H29 -> -1 | I47: =I35-I29 -> 0 | J47: =J35-J29 -> 0 | ... T47: =T35-T29 -> 0
A48: LAING | B48: 3 | C48: =C36-C29 -> 5 | D48: =D36-D29 -> 0 | E48: =E36-E29 -> -1 | F48: =F36-F29 -> 1 | G48: =G36-G29 -> 0 | H48: =H36-H29 -> -1 | I48: =I36-I29 -> 0 | J48: =J36-J29 -> 0 | ... T48: =T36-T29 -> 0
A49: REILLY | B49: 3 | C49: =C37-C29 -> 6 | D49: =D37-D29 -> 0 | E49: =E37-E29 -> -1 | F49: =F37-F29 -> 1 | G49: =G37-G29 -> 0 | H49: =H37-H29 -> -1 | I49: =I37-I29 -> 0 | J49: =J37-J29 -> 0 | ... T49: =T37-T29 -> 0
A50: STONES | B50: 15 | C50: =C38-C29 -> 7 | D50: =D38-D29 -> 0 | E50: =E38-E29 -> -1 | F50: =F38-F29 -> 1 | G50: =G38-G29 -> 0 | H50: =H38-H29 -> -1 | I50: =I38-I29 -> 0 | J50: =J38-J29 -> 0 | ... T50: =T38-T29 -> 0
C52: 1 | D52: 2 | E52: 3 | F52: 4 | G52: 5 | H52: 6 | I52: 7 | J52: 8 | K52: 9 | L52: 10 | M52: 11 | N52: 12 | O52: 13 | P52: 14 | Q52: 15 | R52: 16 | S52: 17 | T52: 18 | U52: TOTAL | V52: STABLEFORD
C53: 3 | D53: 4 | E53: 5 | F53: 3 | G53: 4 | H53: 5 | I53: 4 | J53: 4 | K53: 4 | L53: 3 | M53: 4 | N53: 5 | O53: 3 | P53: 4 | Q53: 5 | R53: 4 | S53: 4 | T53: 4
C54: 5 | D54: 3 | E54: 1 | F54: 11 | G54: 9 | H54: 17 | I54: 13 | J54: 15 | K54: 7 | L54: 18 | M54: 16 | N54: 6 | O54: 8 | P54: 10 | Q54: 12 | R54: 14 | S54: 4 | T54: 2
A55: BELLIS | B55: 8 | C55: =IF(C43=-4,6)+(IF(C43=-3,5))+(IF(C43=-2,4))+(IF(C43=-1,3))+(IF(C43=0,2))+(IF(C43=1,1))+(IF(C43>=2,0)) -> 2 | D55: =IF(D43=-4,6)+(IF(D43=-3,5))+(IF(D43=-2,4))+(IF(D43=-1,3))+(IF(D43=0,2))+(IF(D43=1,1))+(IF(D43>=2,0)) -> 2 | E55: =IF(E43=-4,6)+(IF(E43=-3,5))+(IF(E43=-2,4))+(IF(E43=-1,3))+(IF(E43=0,2))+(IF(E43=1,1))+(IF(E43>=2,0)) -> 3 | F55: =IF(F43=-4,6)+(IF(F43=-3,5))+(IF(F43=-2,4))+(IF(F43=-1,3))+(IF(F43=0,2))+(IF(F43=1,1))+(IF(F43>=2,0)) -> 1 | G55: =IF(G43=-4,6)+(IF(G43=-3,5))+(IF(G43=-2,4))+(IF(G43=-1,3))+(IF(G43=0,2))+(IF(G43=1,1))+(IF(G43>=2,0)) -> 2 | H55: =IF(H43=-4,6)+(IF(H43=-3,5))+(IF(H43=-2,4))+(IF(H43=-1,3))+(IF(H43=0,2))+(IF(H43=1,1))+(IF(H43>=2,0)) -> 3 | I55: =IF(I43=-4,6)+(IF(I43=-3,5))+(IF(I43=-2,4))+(IF(I43=-1,3))+(IF(I43=0,2))+(IF(I43=1,1))+(IF(I43>=2,0)) -> 2 | J55: =IF(J43=-4,6)+(IF(J43=-3,5))+(IF(J43=-2,4))+(IF(J43=-1,3))+(IF(J43=0,2))+(IF(J43=1,1))+(IF(J43>=2,0)) -> 2 | ... T55: =IF(T43=-4,6)+(IF(T43=-3,5))+(IF(T43=-2,4))+(IF(T43=-1,3))+(IF(T43=0,2))+(IF(T43=1,1))+(IF(T43>=2,0)) -> 2 | U55: =SUM(C55:T55) -> 37
A56: DEY | B56: 17 | C56: =IF(C44=-4,6)+(IF(C44=-3,5))+(IF(C44=-2,4))+(IF(C44=-1,3))+(IF(C44=0,2))+(IF(C44=1,1))+(IF(C44>=2,0)) -> 1 | D56: =IF(D44=-4,6)+(IF(D44=-3,5))+(IF(D44=-2,4))+(IF(D44=-1,3))+(IF(D44=0,2))+(IF(D44=1,1))+(IF(D44>=2,0)) -> 2 | E56: =IF(E44=-4,6)+(IF(E44=-3,5))+(IF(E44=-2,4))+(IF(E44=-1,3))+(IF(E44=0,2))+(IF(E44=1,1))+(IF(E44>=2,0)) -> 3 | F56: =IF(F44=-4,6)+(IF(F44=-3,5))+(IF(F44=-2,4))+(IF(F44=-1,3))+(IF(F44=0,2))+(IF(F44=1,1))+(IF(F44>=2,0)) -> 1 | G56: =IF(G44=-4,6)+(IF(G44=-3,5))+(IF(G44=-2,4))+(IF(G44=-1,3))+(IF(G44=0,2))+(IF(G44=1,1))+(IF(G44>=2,0)) -> 2 | H56: =IF(H44=-4,6)+(IF(H44=-3,5))+(IF(H44=-2,4))+(IF(H44=-1,3))+(IF(H44=0,2))+(IF(H44=1,1))+(IF(H44>=2,0)) -> 3 | I56: =IF(I44=-4,6)+(IF(I44=-3,5))+(IF(I44=-2,4))+(IF(I44=-1,3))+(IF(I44=0,2))+(IF(I44=1,1))+(IF(I44>=2,0)) -> 2 | J56: =IF(J44=-4,6)+(IF(J44=-3,5))+(IF(J44=-2,4))+(IF(J44=-1,3))+(IF(J44=0,2))+(IF(J44=1,1))+(IF(J44>=2,0)) -> 2 | ... T56: =IF(T44=-4,6)+(IF(T44=-3,5))+(IF(T44=-2,4))+(IF(T44=-1,3))+(IF(T44=0,2))+(IF(T44=1,1))+(IF(T44>=2,0)) -> 2 | U56: =SUM(C56:T56) -> 36
A57: DONOVAN | B57: 12 | C57: =IF(C45=-4,6)+(IF(C45=-3,5))+(IF(C45=-2,4))+(IF(C45=-1,3))+(IF(C45=0,2))+(IF(C45=1,1))+(IF(C45>=2,0)) -> 0 | D57: =IF(D45=-4,6)+(IF(D45=-3,5))+(IF(D45=-2,4))+(IF(D45=-1,3))+(IF(D45=0,2))+(IF(D45=1,1))+(IF(D45>=2,0)) -> 2 | E57: =IF(E45=-4,6)+(IF(E45=-3,5))+(IF(E45=-2,4))+(IF(E45=-1,3))+(IF(E45=0,2))+(IF(E45=1,1))+(IF(E45>=2,0)) -> 3 | F57: =IF(F45=-4,6)+(IF(F45=-3,5))+(IF(F45=-2,4))+(IF(F45=-1,3))+(IF(F45=0,2))+(IF(F45=1,1))+(IF(F45>=2,0)) -> 1 | G57: =IF(G45=-4,6)+(IF(G45=-3,5))+(IF(G45=-2,4))+(IF(G45=-1,3))+(IF(G45=0,2))+(IF(G45=1,1))+(IF(G45>=2,0)) -> 2 | H57: =IF(H45=-4,6)+(IF(H45=-3,5))+(IF(H45=-2,4))+(IF(H45=-1,3))+(IF(H45=0,2))+(IF(H45=1,1))+(IF(H45>=2,0)) -> 3 | I57: =IF(I45=-4,6)+(IF(I45=-3,5))+(IF(I45=-2,4))+(IF(I45=-1,3))+(IF(I45=0,2))+(IF(I45=1,1))+(IF(I45>=2,0)) -> 2 | J57: =IF(J45=-4,6)+(IF(J45=-3,5))+(IF(J45=-2,4))+(IF(J45=-1,3))+(IF(J45=0,2))+(IF(J45=1,1))+(IF(J45>=2,0)) -> 2 | ... T57: =IF(T45=-4,6)+(IF(T45=-3,5))+(IF(T45=-2,4))+(IF(T45=-1,3))+(IF(T45=0,2))+(IF(T45=1,1))+(IF(T45>=2,0)) -> 2 | U57: =SUM(C57:T57) -> 35
A58: FINDLAY | B58: 13 | C58: =IF(C46=-4,6)+(IF(C46=-3,5))+(IF(C46=-2,4))+(IF(C46=-1,3))+(IF(C46=0,2))+(IF(C46=1,1))+(IF(C46>=2,0)) -> 0 | D58: =IF(D46=-4,6)+(IF(D46=-3,5))+(IF(D46=-2,4))+(IF(D46=-1,3))+(IF(D46=0,2))+(IF(D46=1,1))+(IF(D46>=2,0)) -> 2 | E58: =IF(E46=-4,6)+(IF(E46=-3,5))+(IF(E46=-2,4))+(IF(E46=-1,3))+(IF(E46=0,2))+(IF(E46=1,1))+(IF(E46>=2,0)) -> 3 | F58: =IF(F46=-4,6)+(IF(F46=-3,5))+(IF(F46=-2,4))+(IF(F46=-1,3))+(IF(F46=0,2))+(IF(F46=1,1))+(IF(F46>=2,0)) -> 1 | G58: =IF(G46=-4,6)+(IF(G46=-3,5))+(IF(G46=-2,4))+(IF(G46=-1,3))+(IF(G46=0,2))+(IF(G46=1,1))+(IF(G46>=2,0)) -> 2 | H58: =IF(H46=-4,6)+(IF(H46=-3,5))+(IF(H46=-2,4))+(IF(H46=-1,3))+(IF(H46=0,2))+(IF(H46=1,1))+(IF(H46>=2,0)) -> 3 | I58: =IF(I46=-4,6)+(IF(I46=-3,5))+(IF(I46=-2,4))+(IF(I46=-1,3))+(IF(I46=0,2))+(IF(I46=1,1))+(IF(I46>=2,0)) -> 2 | J58: =IF(J46=-4,6)+(IF(J46=-3,5))+(IF(J46=-2,4))+(IF(J46=-1,3))+(IF(J46=0,2))+(IF(J46=1,1))+(IF(J46>=2,0)) -> 2 | ... T58: =IF(T46=-4,6)+(IF(T46=-3,5))+(IF(T46=-2,4))+(IF(T46=-1,3))+(IF(T46=0,2))+(IF(T46=1,1))+(IF(T46>=2,0)) -> 2 | U58: =SUM(C58:T58) -> 35
A59: HOLLANDS | B59: 9 | C59: =IF(C47=-4,6)+(IF(C47=-3,5))+(IF(C47=-2,4))+(IF(C47=-1,3))+(IF(C47=0,2))+(IF(C47=1,1))+(IF(C47>=2,0)) -> 0 | D59: =IF(D47=-4,6)+(IF(D47=-3,5))+(IF(D47=-2,4))+(IF(D47=-1,3))+(IF(D47=0,2))+(IF(D47=1,1))+(IF(D47>=2,0)) -> 2 | E59: =IF(E47=-4,6)+(IF(E47=-3,5))+(IF(E47=-2,4))+(IF(E47=-1,3))+(IF(E47=0,2))+(IF(E47=1,1))+(IF(E47>=2,0)) -> 3 | F59: =IF(F47=-4,6)+(IF(F47=-3,5))+(IF(F47=-2,4))+(IF(F47=-1,3))+(IF(F47=0,2))+(IF(F47=1,1))+(IF(F47>=2,0)) -> 1 | G59: =IF(G47=-4,6)+(IF(G47=-3,5))+(IF(G47=-2,4))+(IF(G47=-1,3))+(IF(G47=0,2))+(IF(G47=1,1))+(IF(G47>=2,0)) -> 2 | H59: =IF(H47=-4,6)+(IF(H47=-3,5))+(IF(H47=-2,4))+(IF(H47=-1,3))+(IF(H47=0,2))+(IF(H47=1,1))+(IF(H47>=2,0)) -> 3 | I59: =IF(I47=-4,6)+(IF(I47=-3,5))+(IF(I47=-2,4))+(IF(I47=-1,3))+(IF(I47=0,2))+(IF(I47=1,1))+(IF(I47>=2,0)) -> 2 | J59: =IF(J47=-4,6)+(IF(J47=-3,5))+(IF(J47=-2,4))+(IF(J47=-1,3))+(IF(J47=0,2))+(IF(J47=1,1))+(IF(J47>=2,0)) -> 2 | ... T59: =IF(T47=-4,6)+(IF(T47=-3,5))+(IF(T47=-2,4))+(IF(T47=-1,3))+(IF(T47=0,2))+(IF(T47=1,1))+(IF(T47>=2,0)) -> 2 | U59: =SUM(C59:T59) -> 35
A60: LAING | B60: 3 | C60: =IF(C48=-4,6)+(IF(C48=-3,5))+(IF(C48=-2,4))+(IF(C48=-1,3))+(IF(C48=0,2))+(IF(C48=1,1))+(IF(C48>=2,0)) -> 0 | D60: =IF(D48=-4,6)+(IF(D48=-3,5))+(IF(D48=-2,4))+(IF(D48=-1,3))+(IF(D48=0,2))+(IF(D48=1,1))+(IF(D48>=2,0)) -> 2 | E60: =IF(E48=-4,6)+(IF(E48=-3,5))+(IF(E48=-2,4))+(IF(E48=-1,3))+(IF(E48=0,2))+(IF(E48=1,1))+(IF(E48>=2,0)) -> 3 | F60: =IF(F48=-4,6)+(IF(F48=-3,5))+(IF(F48=-2,4))+(IF(F48=-1,3))+(IF(F48=0,2))+(IF(F48=1,1))+(IF(F48>=2,0)) -> 1 | G60: =IF(G48=-4,6)+(IF(G48=-3,5))+(IF(G48=-2,4))+(IF(G48=-1,3))+(IF(G48=0,2))+(IF(G48=1,1))+(IF(G48>=2,0)) -> 2 | H60: =IF(H48=-4,6)+(IF(H48=-3,5))+(IF(H48=-2,4))+(IF(H48=-1,3))+(IF(H48=0,2))+(IF(H48=1,1))+(IF(H48>=2,0)) -> 3 | I60: =IF(I48=-4,6)+(IF(I48=-3,5))+(IF(I48=-2,4))+(IF(I48=-1,3))+(IF(I48=0,2))+(IF(I48=1,1))+(IF(I48>=2,0)) -> 2 | J60: =IF(J48=-4,6)+(IF(J48=-3,5))+(IF(J48=-2,4))+(IF(J48=-1,3))+(IF(J48=0,2))+(IF(J48=1,1))+(IF(J48>=2,0)) -> 2 | ... T60: =IF(T48=-4,6)+(IF(T48=-3,5))+(IF(T48=-2,4))+(IF(T48=-1,3))+(IF(T48=0,2))+(IF(T48=1,1))+(IF(T48>=2,0)) -> 2 | U60: =SUM(C60:T60) -> 35
A61: REILLY | B61: 3 | C61: =IF(C49=-4,6)+(IF(C49=-3,5))+(IF(C49=-2,4))+(IF(C49=-1,3))+(IF(C49=0,2))+(IF(C49=1,1))+(IF(C49>=2,0)) -> 0 | D61: =IF(D49=-4,6)+(IF(D49=-3,5))+(IF(D49=-2,4))+(IF(D49=-1,3))+(IF(D49=0,2))+(IF(D49=1,1))+(IF(D49>=2,0)) -> 2 | E61: =IF(E49=-4,6)+(IF(E49=-3,5))+(IF(E49=-2,4))+(IF(E49=-1,3))+(IF(E49=0,2))+(IF(E49=1,1))+(IF(E49>=2,0)) -> 3 | F61: =IF(F49=-4,6)+(IF(F49=-3,5))+(IF(F49=-2,4))+(IF(F49=-1,3))+(IF(F49=0,2))+(IF(F49=1,1))+(IF(F49>=2,0)) -> 1 | G61: =IF(G49=-4,6)+(IF(G49=-3,5))+(IF(G49=-2,4))+(IF(G49=-1,3))+(IF(G49=0,2))+(IF(G49=1,1))+(IF(G49>=2,0)) -> 2 | H61: =IF(H49=-4,6)+(IF(H49=-3,5))+(IF(H49=-2,4))+(IF(H49=-1,3))+(IF(H49=0,2))+(IF(H49=1,1))+(IF(H49>=2,0)) -> 3 | I61: =IF(I49=-4,6)+(IF(I49=-3,5))+(IF(I49=-2,4))+(IF(I49=-1,3))+(IF(I49=0,2))+(IF(I49=1,1))+(IF(I49>=2,0)) -> 2 | J61: =IF(J49=-4,6)+(IF(J49=-3,5))+(IF(J49=-2,4))+(IF(J49=-1,3))+(IF(J49=0,2))+(IF(J49=1,1))+(IF(J49>=2,0)) -> 2 | ... T61: =IF(T49=-4,6)+(IF(T49=-3,5))+(IF(T49=-2,4))+(IF(T49=-1,3))+(IF(T49=0,2))+(IF(T49=1,1))+(IF(T49>=2,0)) -> 2 | U61: =SUM(C61:T61) -> 35
A62: STONES | B62: 15 | C62: =IF(C50=-4,6)+(IF(C50=-3,5))+(IF(C50=-2,4))+(IF(C50=-1,3))+(IF(C50=0,2))+(IF(C50=1,1))+(IF(C50>=2,0)) -> 0 | D62: =IF(D50=-4,6)+(IF(D50=-3,5))+(IF(D50=-2,4))+(IF(D50=-1,3))+(IF(D50=0,2))+(IF(D50=1,1))+(IF(D50>=2,0)) -> 2 | E62: =IF(E50=-4,6)+(IF(E50=-3,5))+(IF(E50=-2,4))+(IF(E50=-1,3))+(IF(E50=0,2))+(IF(E50=1,1))+(IF(E50>=2,0)) -> 3 | F62: =IF(F50=-4,6)+(IF(F50=-3,5))+(IF(F50=-2,4))+(IF(F50=-1,3))+(IF(F50=0,2))+(IF(F50=1,1))+(IF(F50>=2,0)) -> 1 | G62: =IF(G50=-4,6)+(IF(G50=-3,5))+(IF(G50=-2,4))+(IF(G50=-1,3))+(IF(G50=0,2))+(IF(G50=1,1))+(IF(G50>=2,0)) -> 2 | H62: =IF(H50=-4,6)+(IF(H50=-3,5))+(IF(H50=-2,4))+(IF(H50=-1,3))+(IF(H50=0,2))+(IF(H50=1,1))+(IF(H50>=2,0)) -> 3 | I62: =IF(I50=-4,6)+(IF(I50=-3,5))+(IF(I50=-2,4))+(IF(I50=-1,3))+(IF(I50=0,2))+(IF(I50=1,1))+(IF(I50>=2,0)) -> 2 | J62: =IF(J50=-4,6)+(IF(J50=-3,5))+(IF(J50=-2,4))+(IF(J50=-1,3))+(IF(J50=0,2))+(IF(J50=1,1))+(IF(J50>=2,0)) -> 2 | ... T62: =IF(T50=-4,6)+(IF(T50=-3,5))+(IF(T50=-2,4))+(IF(T50=-1,3))+(IF(T50=0,2))+(IF(T50=1,1))+(IF(T50>=2,0)) -> 2 | U62: =SUM(C62:T62) -> 35

Sheet Round5
B3: TOURNAMENT STANDINGS
A6: RANK | B6: PLAYER | C6: SCORE | D6: POINTS
A7: ='RND 5 MP'!AD14 -> 1 | B7: ='RND 5 MP'!AE14 -> LAING | C7: ='RND 5 MP'!AF14 -> 54 | D7: ='RND 5 MP'!AG14 -> 24
A8: ='RND 5 MP'!AD15 -> 2 | B8: ='RND 5 MP'!AE15 -> FINDLAY | C8: ='RND 5 MP'!AF15 -> 28 | D8: ='RND 5 MP'!AG15 -> 21
A9: ='RND 5 MP'!AD16 -> 3 | B9: ='RND 5 MP'!AE16 -> DEY | C9: ='RND 5 MP'!AF16 -> 24 | D9: ='RND 5 MP'!AG16 -> 16.5
A10: ='RND 5 MP'!AD17 -> 4 | B10: ='RND 5 MP'!AE17 -> HOLLANDS | C10: ='RND 5 MP'!AF17 -> 24 | D10: ='RND 5 MP'!AG17 -> 16.5
A11: ='RND 5 MP'!AD18 -> 5 | B11: ='RND 5 MP'!AE18 -> DONOVAN | C11: ='RND 5 MP'!AF18 -> 22 | D11: ='RND 5 MP'!AG18 -> 12
A12: ='RND 5 MP'!AD19 -> 6 | B12: ='RND 5 MP'!AE19 -> REILLY | C12: ='RND 5 MP'!AF19 -> 8 | D12: ='RND 5 MP'!AG19 -> 9
A13: ='RND 5 MP'!AD20 -> 7 | B13: ='RND 5 MP'!AE20 -> STONES | C13: ='RND 5 MP'!AF20 -> 6 | D13: ='RND 5 MP'!AG20 -> 6
A14: ='RND 5 MP'!AD21 -> 8 | B14: ='RND 5 MP'!AE21 -> BELLIS | C14: ='RND 5 MP'!AF21 -> 4 | D14: ='RND 5 MP'!AG21 -> 3
A21: Round 5 - Strokes
A22: PLAYERS | B22: HCP | D22: HOLE | E22: 1 | F22: 2 | G22: 3 | H22: 4 | I22: 5 | J22: 6 | K22: 7 | L22: 8 | M22: 9 | N22: 10 | O22: 11 | P22: 12 | Q22: 13 | R22: 14 | S22: 15 | T22: 16 | U22: 17 | V22: 18 | W22: TOTAL
D23: PAR | E23: ='RND 2 MP'!C5 -> 4 | F23: ='RND 2 MP'!D5 -> 3 | G23: ='RND 2 MP'!E5 -> 4 | H23: ='RND 2 MP'!F5 -> 4 | I23: ='RND 2 MP'!G5 -> 4 | J23: ='RND 2 MP'!H5 -> 5 | K23: ='RND 2 MP'!I5 -> 3 | L23: ='RND 2 MP'!J5 -> 4 | ... V23: ='RND 2 MP'!T5 -> 4
D24: S.I | E24: ='RND 2 MP'!C6 -> 16 | F24: ='RND 2 MP'!D6 -> 8 | G24: ='RND 2 MP'!E6 -> 2 | H24: ='RND 2 MP'!F6 -> 18 | I24: ='RND 2 MP'!G6 -> 4 | J24: ='RND 2 MP'!H6 -> 12 | K24: ='RND 2 MP'!I6 -> 6 | L24: ='RND 2 MP'!J6 -> 10 | ... V24: ='RND 2 MP'!T6 -> 9
A26: ='RND 5 MP'!A7 -> BELLIS | B26: ='RND 5 MP'!B7 -> 18 | E26: ='RND 5 MP'!C7 -> 8 | F26: ='RND 5 MP'!D7 -> 2 | G26: ='RND 5 MP'!E7 -> 8 | H26: ='RND 5 MP'!F7 -> 8 | I26: ='RND 5 MP'!G7 -> 8 | J26: ='RND 5 MP'!H7 -> 8 | K26: ='RND 5 MP'!I7 -> 8 | L26: ='RND 5 MP'!J7 -> 8 | ... W26: ='RND 5 MP'!U7 -> 133
A27: ='RND 5 MP'!A8 -> DEY | B27: ='RND 5 MP'!B8 -> 18 | E27: ='RND 5 MP'!C8 -> 1 | F27: ='RND 5 MP'!D8 -> 1 | G27: ='RND 5 MP'!E8 -> 1 | H27: ='RND 5 MP'!F8 -> 1 | I27: ='RND 5 MP'!G8 -> 1 | J27: ='RND 5 MP'!H8 -> 1 | K27: ='RND 5 MP'!I8 -> 1 | L27: ='RND 5 MP'!J8 -> 1 | ... W27: ='RND 5 MP'!U8 -> 98
A28: ='RND 5 MP'!A9 -> DONOVAN | B28: ='RND 5 MP'!B9 -> 18 | E28: ='RND 5 MP'!C9 -> 4 | F28: ='RND 5 MP'!D9 -> 9 | G28: ='RND 5 MP'!E9 -> 3 | H28: ='RND 5 MP'!F9 -> 2 | I28: ='RND 5 MP'!G9 -> 4 | J28: ='RND 5 MP'!H9 -> 4 | K28: ='RND 5 MP'!I9 -> 4 | L28: ='RND 5 MP'!J9 -> 4 | ... W28: ='RND 5 MP'!U9 -> 78
